,GAME_DATE_EST_x,GAME_SEQUENCE_x,GAME_ID,TEAM_ID,TEAM_ABBREVIATION,TEAM_CITY_NAME,TEAM_WINS_LOSSES,PTS_QTR1,PTS_QTR2,PTS_QTR3,PTS_QTR4,PTS_OT1,PTS_OT2,PTS_OT3,PTS_OT4,PTS_OT5,PTS_OT6,PTS_OT7,PTS_OT8,PTS_OT9,PTS_OT10,PTS,FG_PCT,FT_PCT,FG3_PCT,AST,REB,TOV,LAST_GAME_ID,LAST_GAME_DATE_EST,LAST_GAME_HOME_TEAM_ID,LAST_GAME_HOME_TEAM_CITY,LAST_GAME_HOME_TEAM_NAME,LAST_GAME_HOME_TEAM_ABBREVIATION,LAST_GAME_HOME_TEAM_POINTS,LAST_GAME_VISITOR_TEAM_ID,LAST_GAME_VISITOR_TEAM_CITY,LAST_GAME_VISITOR_TEAM_NAME,LAST_GAME_VISITOR_TEAM_CITY1,LAST_GAME_VISITOR_TEAM_POINTS,GAME_DATE_EST_y,GAME_SEQUENCE_y,GAME_STATUS_ID,GAME_STATUS_TEXT,GAMECODE,HOME_TEAM_ID_x,VISITOR_TEAM_ID_x,SEASON,LIVE_PERIOD,LIVE_PC_TIME,NATL_TV_BROADCASTER_ABBREVIATION,LIVE_PERIOD_TIME_BCAST,WH_STATUS,HOME_TEAM_ID_y,VISITOR_TEAM_ID_y,GAME_DATE_EST,HOME_TEAM_WINS,HOME_TEAM_LOSSES,SERIES_LEADER
0,2018-11-23T00:00:00,1,0021800265,1610612750,MIN,Minnesota,8-11,22,32,35,23,0,0,0,0,0,0,0,0,0,0,112,0.478,0.882,0.36,25,38,7,0021800195,2018-11-12T00:00:00,1610612751,Brooklyn,Nets,BKN,113,1610612750,Minnesota,Timberwolves,MIN,120,2018-11-23T00:00:00,1,3,Final,20181123/MINBKN,1610612751,1610612750,2018,4,     ,,Q4       - ,1,1610612751,1610612750,2018-11-23T00:00:00,0,2,Minnesota
1,2018-11-23T00:00:00,1,0021800265,1610612751,BKN,Brooklyn,8-12,26,23,23,30,0,0,0,0,0,0,0,0,0,0,102,0.418,0.846,0.311,26,46,18,0021800195,2018-11-12T00:00:00,1610612751,Brooklyn,Nets,BKN,113,1610612750,Minnesota,Timberwolves,MIN,120,2018-11-23T00:00:00,1,3,Final,20181123/MINBKN,1610612751,1610612750,2018,4,     ,,Q4       - ,1,1610612751,1610612750,2018-11-23T00:00:00,0,2,Minnesota
2,2018-11-23T00:00:00,2,0021800266,1610612763,MEM,Memphis,12-6,22,30,18,28,9,0,0,0,0,0,0,0,0,0,107,0.457,0.778,0.333,29,47,16,0021700718,2018-01-26T00:00:00,1610612746,LA,Clippers,LAC,109,1610612763,Memphis,Grizzlies,MEM,100,2018-11-23T00:00:00,2,3,Final,20181123/MEMLAC,1610612746,1610612763,2018,5,     ,,Q5       - ,1,1610612746,1610612763,2018-11-23T00:00:00,1,1,Tied
3,2018-11-23T00:00:00,2,0021800266,1610612746,LAC,LA,12-6,16,28,31,23,14,0,0,0,0,0,0,0,0,0,112,0.426,0.889,0.348,26,48,11,0021700718,2018-01-26T00:00:00,1610612746,LA,Clippers,LAC,109,1610612763,Memphis,Grizzlies,MEM,100,2018-11-23T00:00:00,2,3,Final,20181123/MEMLAC,1610612746,1610612763,2018,5,     ,,Q5       - ,1,1610612746,1610612763,2018-11-23T00:00:00,1,1,Tied
4,2018-11-23T00:00:00,3,0021800267,1610612745,HOU,Houston,9-8,30,26,23,19,13,0,0,0,0,0,0,0,0,0,111,0.418,0.905,0.278,22,44,14,0021800258,2018-11-21T00:00:00,1610612765,Detroit,Pistons,DET,124,1610612745,Houston,Rockets,HOU,126,2018-11-23T00:00:00,3,3,Final,20181123/HOUDET,1610612765,1610612745,2018,5,     ,NBA TV,Q5       - NBA TV,1,1610612765,1610612745,2018-11-23T00:00:00,1,1,Tied
5,2018-11-23T00:00:00,3,0021800267,1610612765,DET,Detroit,9-7,34,27,17,20,18,0,0,0,0,0,0,0,0,0,116,0.455,0.725,0.259,18,49,13,0021800258,2018-11-21T00:00:00,1610612765,Detroit,Pistons,DET,124,1610612745,Houston,Rockets,HOU,126,2018-11-23T00:00:00,3,3,Final,20181123/HOUDET,1610612765,1610612745,2018,5,     ,NBA TV,Q5       - NBA TV,1,1610612765,1610612745,2018-11-23T00:00:00,1,1,Tied
6,2018-11-23T00:00:00,4,0021800268,1610612738,BOS,Boston,10-9,45,16,21,32,0,0,0,0,0,0,0,0,0,0,114,0.462,0.81,0.325,31,43,16,0021701202,2018-04-08T00:00:00,1610612737,Atlanta,Hawks,ATL,112,1610612738,Boston,Celtics,BOS,106,2018-11-23T00:00:00,4,3,Final,20181123/BOSATL,1610612737,1610612738,2018,4,     ,,Q4       - ,1,1610612737,1610612738,2018-11-23T00:00:00,0,1,Boston
7,2018-11-23T00:00:00,4,0021800268,1610612737,ATL,Atlanta,3-16,23,22,19,32,0,0,0,0,0,0,0,0,0,0,96,0.432,0.69,0.171,22,40,20,0021701202,2018-04-08T00:00:00,1610612737,Atlanta,Hawks,ATL,112,1610612738,Boston,Celtics,BOS,106,2018-11-23T00:00:00,4,3,Final,20181123/BOSATL,1610612737,1610612738,2018,4,     ,,Q4       - ,1,1610612737,1610612738,2018-11-23T00:00:00,0,1,Boston
8,2018-11-23T00:00:00,5,0021800269,1610612740,NOP,New Orleans,10-9,34,26,30,19,0,0,0,0,0,0,0,0,0,0,109,0.396,0.759,0.25,26,55,14,0021800222,2018-11-16T00:00:00,1610612752,New York,Knicks,NYK,124,1610612740,New Orleans,Pelicans,NOP,129,2018-11-23T00:00:00,5,3,Final,20181123/NOPNYK,1610612752,1610612740,2018,4,     ,,Q4       - ,1,1610612752,1610612740,2018-11-23T00:00:00,1,1,Tied
9,2018-11-23T00:00:00,5,0021800269,1610612752,NYK,New York,6-14,28,31,28,27,0,0,0,0,0,0,0,0,0,0,114,0.451,0.741,0.364,22,46,8,0021800222,2018-11-16T00:00:00,1610612752,New York,Knicks,NYK,124,1610612740,New Orleans,Pelicans,NOP,129,2018-11-23T00:00:00,5,3,Final,20181123/NOPNYK,1610612752,1610612740,2018,4,     ,,Q4       - ,1,1610612752,1610612740,2018-11-23T00:00:00,1,1,Tied
10,2018-11-23T00:00:00,6,0021800270,1610612739,CLE,Cleveland,3-14,31,23,30,37,0,0,0,0,0,0,0,0,0,0,121,0.527,0.75,0.5,16,42,8,0021701183,2018-04-06T00:00:00,1610612755,Philadelphia,76ers,PHI,132,1610612739,Cleveland,Cavaliers,CLE,130,2018-11-23T00:00:00,6,3,Final,20181123/CLEPHI,1610612755,1610612739,2018,4,     ,,Q4       - ,1,1610612755,1610612739,2018-11-23T00:00:00,0,1,Cleveland
11,2018-11-23T00:00:00,6,0021800270,1610612755,PHI,Philadelphia,13-8,23,31,29,29,0,0,0,0,0,0,0,0,0,0,112,0.533,0.769,0.364,27,31,10,0021701183,2018-04-06T00:00:00,1610612755,Philadelphia,76ers,PHI,132,1610612739,Cleveland,Cavaliers,CLE,130,2018-11-23T00:00:00,6,3,Final,20181123/CLEPHI,1610612755,1610612739,2018,4,     ,,Q4       - ,1,1610612755,1610612739,2018-11-23T00:00:00,0,1,Cleveland
12,2018-11-23T00:00:00,7,0021800271,1610612764,WAS,Washington,6-12,26,36,25,20,0,0,0,0,0,0,0,0,0,0,107,0.4,0.947,0.196,28,44,12,0021800027,2018-10-20T00:00:00,1610612761,Toronto,Raptors,TOR,117,1610612764,Washington,Wizards,WAS,113,2018-11-23T00:00:00,7,3,Final,20181123/WASTOR,1610612761,1610612764,2018,4,     ,,Q4       - ,1,1610612761,1610612764,2018-11-23T00:00:00,2,0,Toronto
13,2018-11-23T00:00:00,7,0021800271,1610612761,TOR,Toronto,16-4,38,32,31,24,0,0,0,0,0,0,0,0,0,0,125,0.495,0.842,0.436,32,50,15,0021800027,2018-10-20T00:00:00,1610612761,Toronto,Raptors,TOR,117,1610612764,Washington,Wizards,WAS,113,2018-11-23T00:00:00,7,3,Final,20181123/WASTOR,1610612761,1610612764,2018,4,     ,,Q4       - ,1,1610612761,1610612764,2018-11-23T00:00:00,2,0,Toronto
14,2018-11-23T00:00:00,8,0021800272,1610612759,SAS,San Antonio,9-9,29,25,28,29,0,0,0,0,0,0,0,0,0,0,111,0.506,0.708,0.476,28,46,15,0021800058,2018-10-24T00:00:00,1610612754,Indiana,Pacers,IND,116,1610612759,San Antonio,Spurs,SAS,96,2018-11-23T00:00:00,8,3,Final,20181123/SASIND,1610612754,1610612759,2018,4,     ,,Q4       - ,1,1610612754,1610612759,2018-11-23T00:00:00,1,1,Tied
15,2018-11-23T00:00:00,8,0021800272,1610612754,IND,Indiana,11-8,23,22,24,31,0,0,0,0,0,0,0,0,0,0,100,0.465,0.556,0.125,31,45,12,0021800058,2018-10-24T00:00:00,1610612754,Indiana,Pacers,IND,116,1610612759,San Antonio,Spurs,SAS,96,2018-11-23T00:00:00,8,3,Final,20181123/SASIND,1610612754,1610612759,2018,4,     ,,Q4       - ,1,1610612754,1610612759,2018-11-23T00:00:00,1,1,Tied
16,2018-11-23T00:00:00,9,0021800273,1610612748,MIA,Miami,7-11,28,32,18,25,0,0,0,0,0,0,0,0,0,0,103,0.425,0.613,0.294,20,48,14,0021701125,2018-03-29T00:00:00,1610612741,Chicago,Bulls,CHI,92,1610612748,Miami,Heat,MIA,103,2018-11-23T00:00:00,9,3,Final,20181123/MIACHI,1610612741,1610612748,2018,4,     ,,Q4       - ,1,1610612741,1610612748,2018-11-23T00:00:00,0,1,Miami
17,2018-11-23T00:00:00,9,0021800273,1610612741,CHI,Chicago,5-14,26,13,30,27,0,0,0,0,0,0,0,0,0,0,96,0.372,0.95,0.25,23,51,17,0021701125,2018-03-29T00:00:00,1610612741,Chicago,Bulls,CHI,92,1610612748,Miami,Heat,MIA,103,2018-11-23T00:00:00,9,3,Final,20181123/MIACHI,1610612741,1610612748,2018,4,     ,,Q4       - ,1,1610612741,1610612748,2018-11-23T00:00:00,0,1,Miami
18,2018-11-23T00:00:00,10,0021800274,1610612766,CHA,Charlotte,9-9,31,26,23,24,0,0,0,0,0,0,0,0,0,0,104,0.457,0.857,0.194,24,46,13,0021800111,2018-11-01T00:00:00,1610612760,Oklahoma City,Thunder,OKC,111,1610612766,Charlotte,Hornets,CHA,107,2018-11-23T00:00:00,10,3,Final,20181123/CHAOKC,1610612760,1610612766,2018,4,     ,,Q4       - ,1,1610612760,1610612766,2018-11-23T00:00:00,2,0,Oklahoma City
19,2018-11-23T00:00:00,10,0021800274,1610612760,OKC,Oklahoma City,12-6,33,29,27,20,0,0,0,0,0,0,0,0,0,0,109,0.441,0.667,0.333,24,46,14,0021800111,2018-11-01T00:00:00,1610612760,Oklahoma City,Thunder,OKC,111,1610612766,Charlotte,Hornets,CHA,107,2018-11-23T00:00:00,10,3,Final,20181123/CHAOKC,1610612760,1610612766,2018,4,     ,,Q4       - ,1,1610612760,1610612766,2018-11-23T00:00:00,2,0,Oklahoma City
20,2018-11-23T00:00:00,11,0021800275,1610612756,PHX,Phoenix,4-14,34,30,27,25,0,0,0,0,0,0,0,0,0,0,116,0.5,0.773,0.346,21,40,11,0021700691,2018-01-22T00:00:00,1610612749,Milwaukee,Bucks,MIL,109,1610612756,Phoenix,Suns,PHX,105,2018-11-23T00:00:00,11,3,Final,20181123/PHXMIL,1610612749,1610612756,2018,4,     ,,Q4       - ,1,1610612749,1610612756,2018-11-23T00:00:00,0,1,Phoenix
21,2018-11-23T00:00:00,11,0021800275,1610612749,MIL,Milwaukee,13-5,30,31,29,24,0,0,0,0,0,0,0,0,0,0,114,0.483,0.667,0.227,30,43,14,0021700691,2018-01-22T00:00:00,1610612749,Milwaukee,Bucks,MIL,109,1610612756,Phoenix,Suns,PHX,105,2018-11-23T00:00:00,11,3,Final,20181123/PHXMIL,1610612749,1610612756,2018,4,     ,,Q4       - ,1,1610612749,1610612756,2018-11-23T00:00:00,0,1,Phoenix
22,2018-11-23T00:00:00,12,0021800276,1610612753,ORL,Orlando,9-10,19,22,27,19,0,0,0,0,0,0,0,0,0,0,87,0.405,0.789,0.25,24,37,13,0021700370,2017-12-08T00:00:00,1610612743,Denver,Nuggets,DEN,103,1610612753,Orlando,Magic,ORL,89,2018-11-23T00:00:00,12,3,Final,20181123/ORLDEN,1610612743,1610612753,2018,4,     ,,Q4       - ,1,1610612743,1610612753,2018-11-23T00:00:00,2,0,Denver
23,2018-11-23T00:00:00,12,0021800276,1610612743,DEN,Denver,12-7,21,33,26,32,0,0,0,0,0,0,0,0,0,0,112,0.473,0.882,0.321,33,51,11,0021700370,2017-12-08T00:00:00,1610612743,Denver,Nuggets,DEN,103,1610612753,Orlando,Magic,ORL,89,2018-11-23T00:00:00,12,3,Final,20181123/ORLDEN,1610612743,1610612753,2018,4,     ,,Q4       - ,1,1610612743,1610612753,2018-11-23T00:00:00,2,0,Denver
24,2018-11-23T00:00:00,13,0021800277,1610612757,POR,Portland,12-7,27,17,29,24,0,0,0,0,0,0,0,0,0,0,97,0.409,0.545,0.375,22,39,13,0021700984,2018-03-09T00:00:00,1610612744,Golden State,Warriors,GSW,108,1610612757,Portland,Trail Blazers,POR,125,2018-11-23T00:00:00,13,3,Final,20181123/PORGSW,1610612744,1610612757,2018,4,     ,,Q4       - ,1,1610612744,1610612757,2018-11-23T00:00:00,1,0,Golden State
25,2018-11-23T00:00:00,13,0021800277,1610612744,GSW,Golden State,13-7,24,35,33,33,0,0,0,0,0,0,0,0,0,0,125,0.565,0.75,0.531,29,43,15,0021700984,2018-03-09T00:00:00,1610612744,Golden State,Warriors,GSW,108,1610612757,Portland,Trail Blazers,POR,125,2018-11-23T00:00:00,13,3,Final,20181123/PORGSW,1610612744,1610612757,2018,4,     ,,Q4       - ,1,1610612744,1610612757,2018-11-23T00:00:00,1,0,Golden State
26,2018-11-23T00:00:00,14,0021800278,1610612762,UTA,Utah,8-11,16,22,25,20,0,0,0,0,0,0,0,0,0,0,83,0.388,0.765,0.174,22,41,19,0021701201,2018-04-08T00:00:00,1610612747,Los Angeles,Lakers,LAL,97,1610612762,Utah,Jazz,UTA,112,2018-11-23T00:00:00,14,3,Final,20181123/UTALAL,1610612747,1610612762,2018,4,     ,NBA TV,Q4       - NBA TV,1,1610612747,1610612762,2018-11-23T00:00:00,1,0,L.A. Lakers
27,2018-11-23T00:00:00,14,0021800278,1610612747,LAL,Los Angeles,11-7,22,16,26,26,0,0,0,0,0,0,0,0,0,0,90,0.456,0.611,0.304,10,47,23,0021701201,2018-04-08T00:00:00,1610612747,Los Angeles,Lakers,LAL,97,1610612762,Utah,Jazz,UTA,112,2018-11-23T00:00:00,14,3,Final,20181123/UTALAL,1610612747,1610612762,2018,4,     ,NBA TV,Q4       - NBA TV,1,1610612747,1610612762,2018-11-23T00:00:00,1,0,L.A. Lakers
28,2018-11-24T00:00:00,1,0021800279,1610612745,HOU,Houston,9-9,30,28,25,25,0,0,0,0,0,0,0,0,0,0,108,0.5,0.679,0.385,18,31,16,0021700779,2018-02-03T00:00:00,1610612739,Cleveland,Cavaliers,CLE,88,1610612745,Houston,Rockets,HOU,120,2018-11-24T00:00:00,1,3,Final,20181124/HOUCLE,1610612739,1610612745,2018,4,     ,,Q4       - ,1,1610612739,1610612745,2018-11-24T00:00:00,1,0,Cleveland
29,2018-11-24T00:00:00,1,0021800279,1610612739,CLE,Cleveland,4-14,29,34,30,24,0,0,0,0,0,0,0,0,0,0,117,0.489,0.759,0.318,15,49,13,0021700779,2018-02-03T00:00:00,1610612739,Cleveland,Cavaliers,CLE,88,1610612745,Houston,Rockets,HOU,120,2018-11-24T00:00:00,1,3,Final,20181124/HOUCLE,1610612739,1610612745,2018,4,     ,,Q4       - ,1,1610612739,1610612745,2018-11-24T00:00:00,1,0,Cleveland
30,2018-11-24T00:00:00,2,0021800280,1610612740,NOP,New Orleans,10-10,34,34,23,23,0,0,0,0,0,0,0,0,0,0,114,0.478,0.81,0.355,23,43,16,0021700982,2018-03-09T00:00:00,1610612764,Washington,Wizards,WAS,116,1610612740,New Orleans,Pelicans,NOP,97,2018-11-24T00:00:00,2,3,Final,20181124/NOPWAS,1610612764,1610612740,2018,4,     ,,Q4       - ,1,1610612764,1610612740,2018-11-24T00:00:00,1,1,Tied
31,2018-11-24T00:00:00,2,0021800280,1610612764,WAS,Washington,7-12,37,31,22,34,0,0,0,0,0,0,0,0,0,0,124,0.567,0.522,0.345,30,45,14,0021700982,2018-03-09T00:00:00,1610612764,Washington,Wizards,WAS,116,1610612740,New Orleans,Pelicans,NOP,97,2018-11-24T00:00:00,2,3,Final,20181124/NOPWAS,1610612764,1610612740,2018,4,     ,,Q4       - ,1,1610612764,1610612740,2018-11-24T00:00:00,1,1,Tied
32,2018-11-24T00:00:00,3,0021800281,1610612741,CHI,Chicago,5-15,22,28,29,17,0,0,0,0,0,0,0,0,0,0,96,0.395,0.71,0.303,22,40,13,0021700888,2018-02-24T00:00:00,1610612750,Minnesota,Timberwolves,MIN,122,1610612741,Chicago,Bulls,CHI,104,2018-11-24T00:00:00,3,3,Final,20181124/CHIMIN,1610612750,1610612741,2018,4,     ,,Q4       - ,1,1610612750,1610612741,2018-11-24T00:00:00,1,0,Minnesota
33,2018-11-24T00:00:00,3,0021800281,1610612750,MIN,Minnesota,9-11,20,29,35,27,0,0,0,0,0,0,0,0,0,0,111,0.408,0.87,0.206,22,59,13,0021700888,2018-02-24T00:00:00,1610612750,Minnesota,Timberwolves,MIN,122,1610612741,Chicago,Bulls,CHI,104,2018-11-24T00:00:00,3,3,Final,20181124/CHIMIN,1610612750,1610612741,2018,4,     ,,Q4       - ,1,1610612750,1610612741,2018-11-24T00:00:00,1,0,Minnesota
34,2018-11-24T00:00:00,4,0021800282,1610612743,DEN,Denver,13-7,33,30,16,26,0,0,0,0,0,0,0,0,0,0,105,0.411,0.708,0.333,26,54,14,0021701133,2018-03-30T00:00:00,1610612760,Oklahoma City,Thunder,OKC,125,1610612743,Denver,Nuggets,DEN,126,2018-11-24T00:00:00,4,3,Final,20181124/DENOKC,1610612760,1610612743,2018,4,     ,,Q4       - ,1,1610612760,1610612743,2018-11-24T00:00:00,0,1,Denver
35,2018-11-24T00:00:00,4,0021800282,1610612760,OKC,Oklahoma City,12-7,23,19,24,32,0,0,0,0,0,0,0,0,0,0,98,0.359,0.652,0.231,22,54,10,0021701133,2018-03-30T00:00:00,1610612760,Oklahoma City,Thunder,OKC,125,1610612743,Denver,Nuggets,DEN,126,2018-11-24T00:00:00,4,3,Final,20181124/DENOKC,1610612760,1610612743,2018,4,     ,,Q4       - ,1,1610612760,1610612743,2018-11-24T00:00:00,0,1,Denver
36,2018-11-24T00:00:00,5,0021800283,1610612738,BOS,Boston,10-10,26,30,26,22,0,0,0,0,0,0,0,0,0,0,104,0.477,0.923,0.357,19,42,17,0021700356,2017-12-06T00:00:00,1610612742,Dallas,Mavericks,DAL,90,1610612738,Boston,Celtics,BOS,97,2018-11-24T00:00:00,5,3,Final,20181124/BOSDAL,1610612742,1610612738,2018,4,     ,,Q4       - ,1,1610612742,1610612738,2018-11-24T00:00:00,1,0,Dallas
37,2018-11-24T00:00:00,5,0021800283,1610612742,DAL,Dallas,9-9,32,27,28,26,0,0,0,0,0,0,0,0,0,0,113,0.483,0.619,0.39,27,43,16,0021700356,2017-12-06T00:00:00,1610612742,Dallas,Mavericks,DAL,90,1610612738,Boston,Celtics,BOS,97,2018-11-24T00:00:00,5,3,Final,20181124/BOSDAL,1610612742,1610612738,2018,4,     ,,Q4       - ,1,1610612742,1610612738,2018-11-24T00:00:00,1,0,Dallas
38,2018-11-24T00:00:00,6,0021800284,1610612759,SAS,San Antonio,9-10,36,32,34,27,0,0,0,0,0,0,0,0,0,0,129,0.533,0.75,0.476,27,39,10,0021701095,2018-03-25T00:00:00,1610612749,Milwaukee,Bucks,MIL,106,1610612759,San Antonio,Spurs,SAS,103,2018-11-24T00:00:00,6,3,Final,20181124/SASMIL,1610612749,1610612759,2018,4,     ,NBA TV,Q4       - NBA TV,1,1610612749,1610612759,2018-11-24T00:00:00,1,0,Milwaukee
39,2018-11-24T00:00:00,6,0021800284,1610612749,MIL,Milwaukee,14-5,37,30,28,40,0,0,0,0,0,0,0,0,0,0,135,0.57,0.759,0.375,30,41,13,0021701095,2018-03-25T00:00:00,1610612749,Milwaukee,Bucks,MIL,106,1610612759,San Antonio,Spurs,SAS,103,2018-11-24T00:00:00,6,3,Final,20181124/SASMIL,1610612749,1610612759,2018,4,     ,NBA TV,Q4       - NBA TV,1,1610612749,1610612759,2018-11-24T00:00:00,1,0,Milwaukee
40,2018-11-24T00:00:00,7,0021800285,1610612758,SAC,Sacramento,10-9,29,35,29,23,0,0,0,0,0,0,0,0,0,0,116,0.433,0.724,0.393,28,47,8,0011800039,2018-10-05T00:00:00,1610612744,Golden State,Warriors,GSW,122,1610612758,Sacramento,Kings,SAC,94,2018-11-24T00:00:00,7,3,Final,20181124/SACGSW,1610612744,1610612758,2018,4,     ,,Q4       - ,1,1610612744,1610612758,2018-11-24T00:00:00,1,0,Golden State
41,2018-11-24T00:00:00,7,0021800285,1610612744,GSW,Golden State,14-7,28,32,35,22,0,0,0,0,0,0,0,0,0,0,117,0.466,0.862,0.294,28,54,14,0011800039,2018-10-05T00:00:00,1610612744,Golden State,Warriors,GSW,122,1610612758,Sacramento,Kings,SAC,94,2018-11-24T00:00:00,7,3,Final,20181124/SACGSW,1610612744,1610612758,2018,4,     ,,Q4       - ,1,1610612744,1610612758,2018-11-24T00:00:00,1,0,Golden State
42,2018-11-25T00:00:00,1,0021800286,1610612753,ORL,Orlando,10-10,19,32,35,22,0,0,0,0,0,0,0,0,0,0,108,0.452,0.929,0.355,31,45,13,0021800227,2018-11-17T00:00:00,1610612747,Los Angeles,Lakers,LAL,117,1610612753,Orlando,Magic,ORL,130,2018-11-25T00:00:00,1,3,Final,20181125/ORLLAL,1610612747,1610612753,2018,4,     ,,Q4       - ,1,1610612747,1610612753,2018-11-25T00:00:00,0,2,Orlando
43,2018-11-25T00:00:00,1,0021800286,1610612747,LAL,Los Angeles,11-8,29,23,19,33,0,0,0,0,0,0,0,0,0,0,104,0.468,0.645,0.385,22,42,18,0021800227,2018-11-17T00:00:00,1610612747,Los Angeles,Lakers,LAL,117,1610612753,Orlando,Magic,ORL,130,2018-11-25T00:00:00,1,3,Final,20181125/ORLLAL,1610612747,1610612753,2018,4,     ,,Q4       - ,1,1610612747,1610612753,2018-11-25T00:00:00,0,2,Orlando
44,2018-11-25T00:00:00,2,0021800287,1610612756,PHX,Phoenix,4-15,32,28,24,23,0,0,0,0,0,0,0,0,0,0,107,0.512,0.714,0.32,22,42,17,0021701063,2018-03-20T00:00:00,1610612765,Detroit,Pistons,DET,115,1610612756,Phoenix,Suns,PHX,88,2018-11-25T00:00:00,2,3,Final,20181125/PHXDET,1610612765,1610612756,2018,4,     ,,Q4       - ,1,1610612765,1610612756,2018-11-25T00:00:00,1,0,Detroit
45,2018-11-25T00:00:00,2,0021800287,1610612765,DET,Detroit,10-7,27,35,21,35,0,0,0,0,0,0,0,0,0,0,118,0.462,0.64,0.39,30,41,12,0021701063,2018-03-20T00:00:00,1610612765,Detroit,Pistons,DET,115,1610612756,Phoenix,Suns,PHX,88,2018-11-25T00:00:00,2,3,Final,20181125/PHXDET,1610612765,1610612756,2018,4,     ,,Q4       - ,1,1610612765,1610612756,2018-11-25T00:00:00,1,0,Detroit
46,2018-11-25T00:00:00,3,0021800288,1610612766,CHA,Charlotte,9-10,43,23,31,26,0,0,0,0,0,0,0,0,0,0,123,0.446,0.821,0.4,30,42,10,0021800149,2018-11-06T00:00:00,1610612737,Atlanta,Hawks,ATL,102,1610612766,Charlotte,Hornets,CHA,113,2018-11-25T00:00:00,3,3,Final,20181125/CHAATL,1610612737,1610612766,2018,4,     ,,Q4       - ,1,1610612737,1610612766,2018-11-25T00:00:00,1,2,Charlotte
47,2018-11-25T00:00:00,3,0021800288,1610612737,ATL,Atlanta,4-16,32,33,35,24,0,0,0,0,0,0,0,0,0,0,124,0.532,0.727,0.41,34,41,15,0021800149,2018-11-06T00:00:00,1610612737,Atlanta,Hawks,ATL,102,1610612766,Charlotte,Hornets,CHA,113,2018-11-25T00:00:00,3,3,Final,20181125/CHAATL,1610612737,1610612766,2018,4,     ,,Q4       - ,1,1610612737,1610612766,2018-11-25T00:00:00,1,2,Charlotte
48,2018-11-25T00:00:00,4,0021800289,1610612755,PHI,Philadelphia,14-8,25,29,35,38,0,0,0,0,0,0,0,0,0,0,127,0.484,0.818,0.414,28,42,9,0021800134,2018-11-04T00:00:00,1610612751,Brooklyn,Nets,BKN,122,1610612755,Philadelphia,76ers,PHI,97,2018-11-25T00:00:00,4,3,Final,20181125/PHIBKN,1610612751,1610612755,2018,4,     ,,Q4       - ,1,1610612751,1610612755,2018-11-25T00:00:00,1,1,Tied
49,2018-11-25T00:00:00,4,0021800289,1610612751,BKN,Brooklyn,8-13,32,36,34,23,0,0,0,0,0,0,0,0,0,0,125,0.568,0.75,0.4,19,43,16,0021800134,2018-11-04T00:00:00,1610612751,Brooklyn,Nets,BKN,122,1610612755,Philadelphia,76ers,PHI,97,2018-11-25T00:00:00,4,3,Final,20181125/PHIBKN,1610612751,1610612755,2018,4,     ,,Q4       - ,1,1610612751,1610612755,2018-11-25T00:00:00,1,1,Tied
50,2018-11-25T00:00:00,5,0021800290,1610612748,MIA,Miami,7-12,29,25,35,26,0,0,0,0,0,0,0,0,0,0,115,0.411,0.688,0.417,21,46,7,0021701221,2018-04-11T00:00:00,1610612761,Toronto,Raptors,TOR,109,1610612748,Miami,Heat,MIA,116,2018-11-25T00:00:00,5,3,Final,20181125/MIATOR,1610612761,1610612748,2018,4,     ,,Q4       - ,1,1610612761,1610612748,2018-11-25T00:00:00,1,0,Toronto
51,2018-11-25T00:00:00,5,0021800290,1610612761,TOR,Toronto,17-4,36,27,38,24,0,0,0,0,0,0,0,0,0,0,125,0.522,0.8,0.314,25,47,9,0021701221,2018-04-11T00:00:00,1610612761,Toronto,Raptors,TOR,109,1610612748,Miami,Heat,MIA,116,2018-11-25T00:00:00,5,3,Final,20181125/MIATOR,1610612761,1610612748,2018,4,     ,,Q4       - ,1,1610612761,1610612748,2018-11-25T00:00:00,1,0,Toronto
52,2018-11-25T00:00:00,6,0021800291,1610612752,NYK,New York,7-14,21,22,35,25,0,0,0,0,0,0,0,0,0,0,103,0.374,0.844,0.364,17,56,7,0021700658,2018-01-17T00:00:00,1610612763,Memphis,Grizzlies,MEM,105,1610612752,New York,Knicks,NYK,99,2018-11-25T00:00:00,6,3,Final,20181125/NYKMEM,1610612763,1610612752,2018,4,     ,,Q4       - ,1,1610612763,1610612752,2018-11-25T00:00:00,0,1,New York
53,2018-11-25T00:00:00,6,0021800291,1610612763,MEM,Memphis,12-7,26,26,19,27,0,0,0,0,0,0,0,0,0,0,98,0.442,0.579,0.367,27,41,7,0021700658,2018-01-17T00:00:00,1610612763,Memphis,Grizzlies,MEM,105,1610612752,New York,Knicks,NYK,99,2018-11-25T00:00:00,6,3,Final,20181125/NYKMEM,1610612763,1610612752,2018,4,     ,,Q4       - ,1,1610612763,1610612752,2018-11-25T00:00:00,0,1,New York
54,2018-11-25T00:00:00,7,0021800292,1610612762,UTA,Utah,9-11,30,29,32,42,0,0,0,0,0,0,0,0,0,0,133,0.533,0.758,0.333,30,49,18,0021800263,2018-11-21T00:00:00,1610612758,Sacramento,Kings,SAC,119,1610612762,Utah,Jazz,UTA,110,2018-11-25T00:00:00,7,3,Final,20181125/UTASAC,1610612758,1610612762,2018,4,     ,,Q4       - ,1,1610612758,1610612762,2018-11-25T00:00:00,1,2,Utah
55,2018-11-25T00:00:00,7,0021800292,1610612758,SAC,Sacramento,10-10,26,24,30,32,0,0,0,0,0,0,0,0,0,0,112,0.471,0.742,0.391,20,36,17,0021800263,2018-11-21T00:00:00,1610612758,Sacramento,Kings,SAC,119,1610612762,Utah,Jazz,UTA,110,2018-11-25T00:00:00,7,3,Final,20181125/UTASAC,1610612758,1610612762,2018,4,     ,,Q4       - ,1,1610612758,1610612762,2018-11-25T00:00:00,1,2,Utah
56,2018-11-25T00:00:00,8,0021800293,1610612746,LAC,LA,13-6,24,21,38,21,0,0,0,0,0,0,0,0,0,0,104,0.422,0.676,0.2,15,48,4,0021800165,2018-11-08T00:00:00,1610612757,Portland,Trail Blazers,POR,116,1610612746,LA,Clippers,LAC,105,2018-11-25T00:00:00,8,3,Final,20181125/LACPOR,1610612757,1610612746,2018,4,     ,,Q4       - ,1,1610612757,1610612746,2018-11-25T00:00:00,1,1,Tied
57,2018-11-25T00:00:00,8,0021800293,1610612757,POR,Portland,12-8,28,30,16,26,0,0,0,0,0,0,0,0,0,0,100,0.433,0.8,0.211,18,58,12,0021800165,2018-11-08T00:00:00,1610612757,Portland,Trail Blazers,POR,116,1610612746,LA,Clippers,LAC,105,2018-11-25T00:00:00,8,3,Final,20181125/LACPOR,1610612757,1610612746,2018,4,     ,,Q4       - ,1,1610612757,1610612746,2018-11-25T00:00:00,1,1,Tied
58,2018-11-26T00:00:00,1,0021800294,1610612749,MIL,Milwaukee,14-6,35,17,28,27,0,0,0,0,0,0,0,0,0,0,107,0.411,0.81,0.348,25,48,14,0021800003,2018-10-17T00:00:00,1610612766,Charlotte,Hornets,CHA,112,1610612749,Milwaukee,Bucks,MIL,113,2018-11-26T00:00:00,1,3,Final,20181126/MILCHA,1610612766,1610612749,2018,4,     ,,Q4       - ,1,1610612766,1610612749,2018-11-26T00:00:00,1,1,Tied
59,2018-11-26T00:00:00,1,0021800294,1610612766,CHA,Charlotte,10-10,32,33,28,17,0,0,0,0,0,0,0,0,0,0,110,0.469,0.7,0.448,21,44,11,0021800003,2018-10-17T00:00:00,1610612766,Charlotte,Hornets,CHA,112,1610612749,Milwaukee,Bucks,MIL,113,2018-11-26T00:00:00,1,3,Final,20181126/MILCHA,1610612766,1610612749,2018,4,     ,,Q4       - ,1,1610612766,1610612749,2018-11-26T00:00:00,1,1,Tied
60,2018-11-26T00:00:00,2,0021800295,1610612750,MIN,Minnesota,10-11,29,25,21,27,0,0,0,0,0,0,0,0,0,0,102,0.465,0.737,0.308,18,39,8,0021800021,2018-10-19T00:00:00,1610612739,Cleveland,Cavaliers,CLE,123,1610612750,Minnesota,Timberwolves,MIN,131,2018-11-26T00:00:00,2,3,Final,20181126/MINCLE,1610612739,1610612750,2018,4,     ,,Q4       - ,1,1610612739,1610612750,2018-11-26T00:00:00,0,2,Minnesota
61,2018-11-26T00:00:00,2,0021800295,1610612739,CLE,Cleveland,4-15,26,21,24,24,0,0,0,0,0,0,0,0,0,0,95,0.419,0.929,0.323,24,40,16,0021800021,2018-10-19T00:00:00,1610612739,Cleveland,Cavaliers,CLE,123,1610612750,Minnesota,Timberwolves,MIN,131,2018-11-26T00:00:00,2,3,Final,20181126/MINCLE,1610612739,1610612750,2018,4,     ,,Q4       - ,1,1610612739,1610612750,2018-11-26T00:00:00,0,2,Minnesota
62,2018-11-26T00:00:00,3,0021800296,1610612745,HOU,Houston,9-10,42,23,33,27,6,0,0,0,0,0,0,0,0,0,131,0.474,0.778,0.375,22,48,19,0021701161,2018-04-03T00:00:00,1610612764,Washington,Wizards,WAS,104,1610612745,Houston,Rockets,HOU,120,2018-11-26T00:00:00,3,3,Final,20181126/HOUWAS,1610612764,1610612745,2018,5,     ,NBA TV,Q5       - NBA TV,1,1610612764,1610612745,2018-11-26T00:00:00,1,0,Washington
63,2018-11-26T00:00:00,3,0021800296,1610612764,WAS,Washington,8-12,30,37,27,31,10,0,0,0,0,0,0,0,0,0,135,0.562,0.75,0.379,29,38,13,0021701161,2018-04-03T00:00:00,1610612764,Washington,Wizards,WAS,104,1610612745,Houston,Rockets,HOU,120,2018-11-26T00:00:00,3,3,Final,20181126/HOUWAS,1610612764,1610612745,2018,5,     ,NBA TV,Q5       - NBA TV,1,1610612764,1610612745,2018-11-26T00:00:00,1,0,Washington
64,2018-11-26T00:00:00,4,0021800297,1610612759,SAS,San Antonio,10-10,27,25,28,28,0,0,0,0,0,0,0,0,0,0,108,0.484,0.889,0.333,29,46,10,0021700183,2017-11-11T00:00:00,1610612741,Chicago,Bulls,CHI,94,1610612759,San Antonio,Spurs,SAS,133,2018-11-26T00:00:00,4,3,Final,20181126/SASCHI,1610612741,1610612759,2018,4,     ,,Q4       - ,1,1610612741,1610612759,2018-11-26T00:00:00,0,1,San Antonio
65,2018-11-26T00:00:00,4,0021800297,1610612741,CHI,Chicago,5-16,27,23,33,24,0,0,0,0,0,0,0,0,0,0,107,0.467,0.818,0.424,23,43,11,0021700183,2017-11-11T00:00:00,1610612741,Chicago,Bulls,CHI,94,1610612759,San Antonio,Spurs,SAS,133,2018-11-26T00:00:00,4,3,Final,20181126/SASCHI,1610612741,1610612759,2018,4,     ,,Q4       - ,1,1610612741,1610612759,2018-11-26T00:00:00,0,1,San Antonio
66,2018-11-26T00:00:00,5,0021800298,1610612738,BOS,Boston,11-10,34,23,32,35,0,0,0,0,0,0,0,0,0,0,124,0.495,0.9,0.487,27,42,13,0021701047,2018-03-18T00:00:00,1610612740,New Orleans,Pelicans,NOP,108,1610612738,Boston,Celtics,BOS,89,2018-11-26T00:00:00,5,3,Final,20181126/BOSNOP,1610612740,1610612738,2018,4,     ,,Q4       - ,1,1610612740,1610612738,2018-11-26T00:00:00,0,1,Boston
67,2018-11-26T00:00:00,5,0021800298,1610612740,NOP,New Orleans,10-11,21,27,31,28,0,0,0,0,0,0,0,0,0,0,107,0.442,0.931,0.375,21,40,22,0021701047,2018-03-18T00:00:00,1610612740,New Orleans,Pelicans,NOP,108,1610612738,Boston,Celtics,BOS,89,2018-11-26T00:00:00,5,3,Final,20181126/BOSNOP,1610612740,1610612738,2018,4,     ,,Q4       - ,1,1610612740,1610612738,2018-11-26T00:00:00,0,1,Boston
68,2018-11-26T00:00:00,6,0021800299,1610612754,IND,Indiana,12-8,33,25,31,32,0,0,0,0,0,0,0,0,0,0,121,0.583,0.824,0.5,33,39,16,0021800241,2018-11-19T00:00:00,1610612762,Utah,Jazz,UTA,94,1610612754,Indiana,Pacers,IND,121,2018-11-26T00:00:00,6,3,Final,20181126/INDUTA,1610612762,1610612754,2018,4,     ,,Q4       - ,1,1610612762,1610612754,2018-11-26T00:00:00,0,2,Indiana
69,2018-11-26T00:00:00,6,0021800299,1610612762,UTA,Utah,9-12,25,22,23,18,0,0,0,0,0,0,0,0,0,0,88,0.42,0.706,0.258,25,38,17,0021800241,2018-11-19T00:00:00,1610612762,Utah,Jazz,UTA,94,1610612754,Indiana,Pacers,IND,121,2018-11-26T00:00:00,6,3,Final,20181126/INDUTA,1610612762,1610612754,2018,4,     ,,Q4       - ,1,1610612762,1610612754,2018-11-26T00:00:00,0,2,Indiana
70,2018-11-26T00:00:00,7,0021800300,1610612753,ORL,Orlando,10-11,25,39,19,27,0,0,0,0,0,0,0,0,0,0,110,0.444,0.762,0.467,28,34,11,0021700318,2017-12-01T00:00:00,1610612744,Golden State,Warriors,GSW,133,1610612753,Orlando,Magic,ORL,112,2018-11-26T00:00:00,7,3,Final,20181126/ORLGSW,1610612744,1610612753,2018,4,     ,,Q4       - ,1,1610612744,1610612753,2018-11-26T00:00:00,1,0,Golden State
71,2018-11-26T00:00:00,7,0021800300,1610612744,GSW,Golden State,15-7,26,21,32,37,0,0,0,0,0,0,0,0,0,0,116,0.488,0.913,0.371,21,46,14,0021700318,2017-12-01T00:00:00,1610612744,Golden State,Warriors,GSW,133,1610612753,Orlando,Magic,ORL,112,2018-11-26T00:00:00,7,3,Final,20181126/ORLGSW,1610612744,1610612753,2018,4,     ,,Q4       - ,1,1610612744,1610612753,2018-11-26T00:00:00,1,0,Golden State
72,2018-11-27T00:00:00,1,0021800301,1610612752,NYK,New York,7-15,19,24,27,38,0,0,0,0,0,0,0,0,0,0,108,0.396,0.844,0.333,16,50,13,0021701139,2018-03-31T00:00:00,1610612765,Detroit,Pistons,DET,115,1610612752,New York,Knicks,NYK,109,2018-11-27T00:00:00,1,3,Final,20181127/NYKDET,1610612765,1610612752,2018,4,     ,,Q4       - ,1,1610612765,1610612752,2018-11-27T00:00:00,1,0,Detroit
73,2018-11-27T00:00:00,1,0021800301,1610612765,DET,Detroit,11-7,24,27,30,34,0,0,0,0,0,0,0,0,0,0,115,0.475,0.711,0.292,20,48,13,0021701139,2018-03-31T00:00:00,1610612765,Detroit,Pistons,DET,115,1610612752,New York,Knicks,NYK,109,2018-11-27T00:00:00,1,3,Final,20181127/NYKDET,1610612765,1610612752,2018,4,     ,,Q4       - ,1,1610612765,1610612752,2018-11-27T00:00:00,1,0,Detroit
74,2018-11-27T00:00:00,2,0021800302,1610612737,ATL,Atlanta,5-16,35,33,32,15,0,0,0,0,0,0,0,0,0,0,115,0.475,0.844,0.387,22,46,24,0021800128,2018-11-03T00:00:00,1610612748,Miami,Heat,MIA,118,1610612737,Atlanta,Hawks,ATL,123,2018-11-27T00:00:00,2,3,Final,20181127/ATLMIA,1610612748,1610612737,2018,4,     ,,Q4       - ,1,1610612748,1610612737,2018-11-27T00:00:00,0,2,Atlanta
75,2018-11-27T00:00:00,2,0021800302,1610612748,MIA,Miami,7-13,38,14,34,27,0,0,0,0,0,0,0,0,0,0,113,0.46,0.667,0.342,22,43,20,0021800128,2018-11-03T00:00:00,1610612748,Miami,Heat,MIA,118,1610612737,Atlanta,Hawks,ATL,123,2018-11-27T00:00:00,2,3,Final,20181127/ATLMIA,1610612748,1610612737,2018,4,     ,,Q4       - ,1,1610612748,1610612737,2018-11-27T00:00:00,0,2,Atlanta
76,2018-11-27T00:00:00,3,0021800303,1610612761,TOR,Toronto,18-4,31,28,34,29,0,0,0,0,0,0,0,0,0,0,122,0.609,0.714,0.545,25,31,15,0021700787,2018-02-04T00:00:00,1610612763,Memphis,Grizzlies,MEM,86,1610612761,Toronto,Raptors,TOR,101,2018-11-27T00:00:00,3,3,Final,20181127/TORMEM,1610612763,1610612761,2018,4,     ,,Q4       - ,1,1610612763,1610612761,2018-11-27T00:00:00,0,1,Toronto
77,2018-11-27T00:00:00,3,0021800303,1610612763,MEM,Memphis,12-8,32,39,26,17,0,0,0,0,0,0,0,0,0,0,114,0.506,0.857,0.345,27,35,13,0021700787,2018-02-04T00:00:00,1610612763,Memphis,Grizzlies,MEM,86,1610612761,Toronto,Raptors,TOR,101,2018-11-27T00:00:00,3,3,Final,20181127/TORMEM,1610612763,1610612761,2018,4,     ,,Q4       - ,1,1610612763,1610612761,2018-11-27T00:00:00,0,1,Toronto
78,2018-11-27T00:00:00,4,0021800304,1610612747,LAL,Los Angeles,11-9,26,24,21,14,0,0,0,0,0,0,0,0,0,0,85,0.391,0.667,0.143,19,39,12,0021800066,2018-10-25T00:00:00,1610612743,Denver,Nuggets,DEN,114,1610612747,Los Angeles,Lakers,LAL,121,2018-11-27T00:00:00,4,3,Final,20181127/LALDEN,1610612743,1610612747,2018,4,     ,NBA TV,Q4       - NBA TV,1,1610612743,1610612747,2018-11-27T00:00:00,1,1,Tied
79,2018-11-27T00:00:00,4,0021800304,1610612743,DEN,Denver,14-7,30,28,31,28,0,0,0,0,0,0,0,0,0,0,117,0.485,0.933,0.36,28,60,11,0021800066,2018-10-25T00:00:00,1610612743,Denver,Nuggets,DEN,114,1610612747,Los Angeles,Lakers,LAL,121,2018-11-27T00:00:00,4,3,Final,20181127/LALDEN,1610612743,1610612747,2018,4,     ,NBA TV,Q4       - NBA TV,1,1610612743,1610612747,2018-11-27T00:00:00,1,1,Tied
80,2018-11-27T00:00:00,5,0021800305,1610612754,IND,Indiana,13-8,26,35,20,28,0,0,0,0,0,0,0,0,0,0,109,0.422,0.759,0.423,25,55,12,0021700703,2018-01-24T00:00:00,1610612756,Phoenix,Suns,PHX,101,1610612754,Indiana,Pacers,IND,116,2018-11-27T00:00:00,5,3,Final,20181127/INDPHX,1610612756,1610612754,2018,4,     ,,Q4       - ,1,1610612756,1610612754,2018-11-27T00:00:00,0,1,Indiana
81,2018-11-27T00:00:00,5,0021800305,1610612756,PHX,Phoenix,4-16,26,28,23,27,0,0,0,0,0,0,0,0,0,0,104,0.446,0.667,0.333,20,45,8,0021700703,2018-01-24T00:00:00,1610612756,Phoenix,Suns,PHX,101,1610612754,Indiana,Pacers,IND,116,2018-11-27T00:00:00,5,3,Final,20181127/INDPHX,1610612756,1610612754,2018,4,     ,,Q4       - ,1,1610612756,1610612754,2018-11-27T00:00:00,0,1,Indiana
82,2018-11-28T00:00:00,1,0021800306,1610612737,ATL,Atlanta,5-17,28,21,26,19,0,0,0,0,0,0,0,0,0,0,94,0.344,0.864,0.25,20,54,19,0021800288,2018-11-25T00:00:00,1610612766,Charlotte,Hornets,CHA,123,1610612737,Atlanta,Hawks,ATL,124,2018-11-28T00:00:00,1,3,Final,20181128/ATLCHA,1610612766,1610612737,2018,4,     ,,Q4       - ,1,1610612766,1610612737,2018-11-28T00:00:00,2,1,Charlotte
83,2018-11-28T00:00:00,1,0021800306,1610612766,CHA,Charlotte,11-10,24,31,31,22,0,0,0,0,0,0,0,0,0,0,108,0.458,0.757,0.2,20,44,14,0021800288,2018-11-25T00:00:00,1610612766,Charlotte,Hornets,CHA,123,1610612737,Atlanta,Hawks,ATL,124,2018-11-28T00:00:00,1,3,Final,20181128/ATLCHA,1610612766,1610612737,2018,4,     ,,Q4       - ,1,1610612766,1610612737,2018-11-28T00:00:00,2,1,Charlotte
84,2018-11-28T00:00:00,2,0021800307,1610612752,NYK,New York,7-16,27,21,20,23,0,0,0,0,0,0,0,0,0,0,91,0.348,0.955,0.207,14,41,13,0021701118,2018-03-28T00:00:00,1610612755,Philadelphia,76ers,PHI,118,1610612752,New York,Knicks,NYK,101,2018-11-28T00:00:00,2,3,Final,20181128/NYKPHI,1610612755,1610612752,2018,4,     ,NBA TV,Q4       - NBA TV,1,1610612755,1610612752,2018-11-28T00:00:00,1,0,Philadelphia
85,2018-11-28T00:00:00,2,0021800307,1610612755,PHI,Philadelphia,15-8,41,27,25,24,0,0,0,0,0,0,0,0,0,0,117,0.54,0.688,0.48,34,50,16,0021701118,2018-03-28T00:00:00,1610612755,Philadelphia,76ers,PHI,118,1610612752,New York,Knicks,NYK,101,2018-11-28T00:00:00,2,3,Final,20181128/NYKPHI,1610612755,1610612752,2018,4,     ,NBA TV,Q4       - NBA TV,1,1610612755,1610612752,2018-11-28T00:00:00,1,0,Philadelphia
86,2018-11-28T00:00:00,3,0021800308,1610612762,UTA,Utah,10-12,17,26,27,31,0,0,0,0,0,0,0,0,0,0,101,0.476,0.667,0.321,17,48,19,0021700219,2017-11-17T00:00:00,1610612751,Brooklyn,Nets,BKN,118,1610612762,Utah,Jazz,UTA,107,2018-11-28T00:00:00,3,3,Final,20181128/UTABKN,1610612751,1610612762,2018,4,     ,,Q4       - ,1,1610612751,1610612762,2018-11-28T00:00:00,0,1,Utah
87,2018-11-28T00:00:00,3,0021800308,1610612751,BKN,Brooklyn,8-14,16,26,36,13,0,0,0,0,0,0,0,0,0,0,91,0.349,0.714,0.367,11,48,20,0021700219,2017-11-17T00:00:00,1610612751,Brooklyn,Nets,BKN,118,1610612762,Utah,Jazz,UTA,107,2018-11-28T00:00:00,3,3,Final,20181128/UTABKN,1610612751,1610612762,2018,4,     ,,Q4       - ,1,1610612751,1610612762,2018-11-28T00:00:00,0,1,Utah
88,2018-11-28T00:00:00,4,0021800309,1610612742,DAL,Dallas,10-9,36,38,22,32,0,0,0,0,0,0,0,0,0,0,128,0.541,0.792,0.5,27,37,14,0021700997,2018-03-11T00:00:00,1610612745,Houston,Rockets,HOU,105,1610612742,Dallas,Mavericks,DAL,82,2018-11-28T00:00:00,4,3,Final,20181128/DALHOU,1610612745,1610612742,2018,4,     ,,Q4       - ,1,1610612745,1610612742,2018-11-28T00:00:00,0,2,Dallas
89,2018-11-28T00:00:00,4,0021800309,1610612745,HOU,Houston,9-11,28,28,33,19,0,0,0,0,0,0,0,0,0,0,108,0.46,0.652,0.289,28,38,16,0021700997,2018-03-11T00:00:00,1610612745,Houston,Rockets,HOU,105,1610612742,Dallas,Mavericks,DAL,82,2018-11-28T00:00:00,4,3,Final,20181128/DALHOU,1610612745,1610612742,2018,4,     ,,Q4       - ,1,1610612745,1610612742,2018-11-28T00:00:00,0,2,Dallas
90,2018-11-28T00:00:00,5,0021800310,1610612741,CHI,Chicago,5-17,40,22,27,24,0,0,0,0,0,0,0,0,0,0,113,0.449,0.759,0.297,28,45,11,0021800223,2018-11-16T00:00:00,1610612749,Milwaukee,Bucks,MIL,123,1610612741,Chicago,Bulls,CHI,104,2018-11-28T00:00:00,5,3,Final,20181128/CHIMIL,1610612749,1610612741,2018,4,     ,,Q4       - ,1,1610612749,1610612741,2018-11-28T00:00:00,2,0,Milwaukee
91,2018-11-28T00:00:00,5,0021800310,1610612749,MIL,Milwaukee,15-6,30,33,29,24,0,0,0,0,0,0,0,0,0,0,116,0.494,0.75,0.343,29,48,12,0021800223,2018-11-16T00:00:00,1610612749,Milwaukee,Bucks,MIL,123,1610612741,Chicago,Bulls,CHI,104,2018-11-28T00:00:00,5,3,Final,20181128/CHIMIL,1610612749,1610612741,2018,4,     ,,Q4       - ,1,1610612749,1610612741,2018-11-28T00:00:00,2,0,Milwaukee
92,2018-11-28T00:00:00,6,0021800311,1610612759,SAS,San Antonio,10-11,25,9,24,31,0,0,0,0,0,0,0,0,0,0,89,0.391,1.0,0.296,23,46,18,0021800010,2018-10-17T00:00:00,1610612750,Minnesota,Timberwolves,MIN,108,1610612759,San Antonio,Spurs,SAS,112,2018-11-28T00:00:00,6,3,Final,20181128/SASMIN,1610612750,1610612759,2018,4,     ,,Q4       - ,1,1610612750,1610612759,2018-11-28T00:00:00,1,1,Tied
93,2018-11-28T00:00:00,6,0021800311,1610612750,MIN,Minnesota,11-11,28,29,35,36,0,0,0,0,0,0,0,0,0,0,128,0.505,0.667,0.439,33,48,8,0021800010,2018-10-17T00:00:00,1610612750,Minnesota,Timberwolves,MIN,108,1610612759,San Antonio,Spurs,SAS,112,2018-11-28T00:00:00,6,3,Final,20181128/SASMIN,1610612750,1610612759,2018,4,     ,,Q4       - ,1,1610612750,1610612759,2018-11-28T00:00:00,1,1,Tied
94,2018-11-28T00:00:00,7,0021800312,1610612764,WAS,Washington,8-13,24,23,34,23,0,0,0,0,0,0,0,0,0,0,104,0.432,0.563,0.333,26,38,16,0021800280,2018-11-24T00:00:00,1610612740,New Orleans,Pelicans,NOP,114,1610612764,Washington,Wizards,WAS,124,2018-11-28T00:00:00,7,3,Final,20181128/WASNOP,1610612740,1610612764,2018,4,     ,,Q4       - ,1,1610612740,1610612764,2018-11-28T00:00:00,1,1,Tied
95,2018-11-28T00:00:00,7,0021800312,1610612740,NOP,New Orleans,11-11,31,36,31,27,0,0,0,0,0,0,0,0,0,0,125,0.484,0.786,0.306,24,64,20,0021800280,2018-11-24T00:00:00,1610612740,New Orleans,Pelicans,NOP,114,1610612764,Washington,Wizards,WAS,124,2018-11-28T00:00:00,7,3,Final,20181128/WASNOP,1610612740,1610612764,2018,4,     ,,Q4       - ,1,1610612740,1610612764,2018-11-28T00:00:00,1,1,Tied
96,2018-11-28T00:00:00,8,0021800313,1610612739,CLE,Cleveland,4-16,28,19,15,21,0,0,0,0,0,0,0,0,0,0,83,0.393,0.444,0.391,20,43,12,0021800153,2018-11-07T00:00:00,1610612760,Oklahoma City,Thunder,OKC,95,1610612739,Cleveland,Cavaliers,CLE,86,2018-11-28T00:00:00,8,3,Final,20181128/CLEOKC,1610612760,1610612739,2018,4,     ,,Q4       - ,1,1610612760,1610612739,2018-11-28T00:00:00,2,0,Oklahoma City
97,2018-11-28T00:00:00,8,0021800313,1610612760,OKC,Oklahoma City,13-7,21,26,26,27,0,0,0,0,0,0,0,0,0,0,100,0.477,0.8,0.222,25,50,13,0021800153,2018-11-07T00:00:00,1610612760,Oklahoma City,Thunder,OKC,95,1610612739,Cleveland,Cavaliers,CLE,86,2018-11-28T00:00:00,8,3,Final,20181128/CLEOKC,1610612760,1610612739,2018,4,     ,,Q4       - ,1,1610612760,1610612739,2018-11-28T00:00:00,2,0,Oklahoma City
98,2018-11-28T00:00:00,9,0021800314,1610612753,ORL,Orlando,10-12,30,33,21,28,0,0,0,0,0,0,0,0,0,0,112,0.519,0.933,0.467,28,37,14,0021800064,2018-10-25T00:00:00,1610612757,Portland,Trail Blazers,POR,128,1610612753,Orlando,Magic,ORL,114,2018-11-28T00:00:00,9,3,Final,20181128/ORLPOR,1610612757,1610612753,2018,4,     ,NBA TV,Q4       - NBA TV,1,1610612757,1610612753,2018-11-28T00:00:00,2,0,Portland
99,2018-11-28T00:00:00,9,0021800314,1610612757,POR,Portland,13-8,33,22,40,20,0,0,0,0,0,0,0,0,0,0,115,0.435,0.688,0.487,24,47,11,0021800064,2018-10-25T00:00:00,1610612757,Portland,Trail Blazers,POR,128,1610612753,Orlando,Magic,ORL,114,2018-11-28T00:00:00,9,3,Final,20181128/ORLPOR,1610612757,1610612753,2018,4,     ,NBA TV,Q4       - NBA TV,1,1610612757,1610612753,2018-11-28T00:00:00,2,0,Portland
100,2018-11-28T00:00:00,10,0021800315,1610612756,PHX,Phoenix,4-17,22,27,25,25,0,0,0,0,0,0,0,0,0,0,99,0.438,0.722,0.308,20,34,16,0021701122,2018-03-28T00:00:00,1610612746,LA,Clippers,LAC,111,1610612756,Phoenix,Suns,PHX,99,2018-11-28T00:00:00,10,3,Final,20181128/PHXLAC,1610612746,1610612756,2018,4,     ,,Q4       - ,1,1610612746,1610612756,2018-11-28T00:00:00,1,0,LA Clippers
101,2018-11-28T00:00:00,10,0021800315,1610612746,LAC,LA,14-6,26,23,40,26,0,0,0,0,0,0,0,0,0,0,115,0.465,0.75,0.524,21,56,21,0021701122,2018-03-28T00:00:00,1610612746,LA,Clippers,LAC,111,1610612756,Phoenix,Suns,PHX,99,2018-11-28T00:00:00,10,3,Final,20181128/PHXLAC,1610612746,1610612756,2018,4,     ,,Q4       - ,1,1610612746,1610612756,2018-11-28T00:00:00,1,0,LA Clippers
102,2018-11-29T00:00:00,1,0021800316,1610612744,GSW,Golden State,15-8,25,33,30,31,9,0,0,0,0,0,0,0,0,0,128,0.485,0.85,0.367,27,46,14,0021700631,2018-01-13T00:00:00,1610612761,Toronto,Raptors,TOR,125,1610612744,Golden State,Warriors,GSW,127,2018-11-29T00:00:00,1,3,Final,20181129/GSWTOR,1610612761,1610612744,2018,5,     ,TNT,Q5       - TNT,1,1610612761,1610612744,2018-11-29T00:00:00,1,0,Toronto
103,2018-11-29T00:00:00,1,0021800316,1610612761,TOR,Toronto,19-4,38,29,29,23,12,0,0,0,0,0,0,0,0,0,131,0.522,0.917,0.395,25,37,14,0021700631,2018-01-13T00:00:00,1610612761,Toronto,Raptors,TOR,125,1610612744,Golden State,Warriors,GSW,127,2018-11-29T00:00:00,1,3,Final,20181129/GSWTOR,1610612761,1610612744,2018,5,     ,TNT,Q5       - TNT,1,1610612761,1610612744,2018-11-29T00:00:00,1,0,Toronto
104,2018-11-29T00:00:00,2,0021800317,1610612754,IND,Indiana,13-9,15,35,25,21,0,0,0,0,0,0,0,0,0,0,96,0.372,0.815,0.435,23,44,17,0021701051,2018-03-19T00:00:00,1610612747,Los Angeles,Lakers,LAL,100,1610612754,Indiana,Pacers,IND,110,2018-11-29T00:00:00,2,3,Final,20181129/INDLAL,1610612747,1610612754,2018,4,     ,,Q4       - ,1,1610612747,1610612754,2018-11-29T00:00:00,1,0,L.A. Lakers
105,2018-11-29T00:00:00,2,0021800317,1610612747,LAL,Los Angeles,12-9,38,18,27,21,0,0,0,0,0,0,0,0,0,0,104,0.488,0.565,0.292,25,50,18,0021701051,2018-03-19T00:00:00,1610612747,Los Angeles,Lakers,LAL,100,1610612754,Indiana,Pacers,IND,110,2018-11-29T00:00:00,2,3,Final,20181129/INDLAL,1610612747,1610612754,2018,4,     ,,Q4       - ,1,1610612747,1610612754,2018-11-29T00:00:00,1,0,L.A. Lakers
106,2018-11-29T00:00:00,3,0021800318,1610612746,LAC,LA,15-6,42,29,30,32,0,0,0,0,0,0,0,0,0,0,133,0.556,0.75,0.429,25,38,9,0021700628,2018-01-13T00:00:00,1610612758,Sacramento,Kings,SAC,105,1610612746,LA,Clippers,LAC,126,2018-11-29T00:00:00,3,3,Final,20181129/LACSAC,1610612758,1610612746,2018,4,     ,TNT,Q4       - TNT,1,1610612758,1610612746,2018-11-29T00:00:00,0,1,LA Clippers
107,2018-11-29T00:00:00,3,0021800318,1610612758,SAC,Sacramento,10-11,26,42,25,28,0,0,0,0,0,0,0,0,0,0,121,0.479,0.846,0.292,26,48,11,0021700628,2018-01-13T00:00:00,1610612758,Sacramento,Kings,SAC,105,1610612746,LA,Clippers,LAC,126,2018-11-29T00:00:00,3,3,Final,20181129/LACSAC,1610612758,1610612746,2018,4,     ,TNT,Q4       - TNT,1,1610612758,1610612746,2018-11-29T00:00:00,0,1,LA Clippers
108,2018-11-30T00:00:00,1,0021800319,1610612739,CLE,Cleveland,4-17,26,26,20,23,0,0,0,0,0,0,0,0,0,0,95,0.39,0.8,0.318,18,36,13,0011800040,2018-10-06T00:00:00,1610612738,Boston,Celtics,BOS,102,1610612739,Cleveland,Cavaliers,CLE,113,2018-11-30T00:00:00,1,3,Final,20181130/CLEBOS,1610612738,1610612739,2018,4,     ,,Q4       - ,1,1610612738,1610612739,2018-11-30T00:00:00,1,0,Boston
109,2018-11-30T00:00:00,1,0021800319,1610612738,BOS,Boston,12-10,30,32,39,27,0,0,0,0,0,0,0,0,0,0,128,0.533,0.813,0.548,30,47,10,0011800040,2018-10-06T00:00:00,1610612738,Boston,Celtics,BOS,102,1610612739,Cleveland,Cavaliers,CLE,113,2018-11-30T00:00:00,1,3,Final,20181130/CLEBOS,1610612738,1610612739,2018,4,     ,,Q4       - ,1,1610612738,1610612739,2018-11-30T00:00:00,1,0,Boston
110,2018-11-30T00:00:00,2,0021800320,1610612762,UTA,Utah,11-12,33,24,34,28,0,0,0,0,0,0,0,0,0,0,119,0.543,0.722,0.45,32,41,14,0021700824,2018-02-09T00:00:00,1610612766,Charlotte,Hornets,CHA,94,1610612762,Utah,Jazz,UTA,106,2018-11-30T00:00:00,2,3,Final,20181130/UTACHA,1610612766,1610612762,2018,4,     ,,Q4       - ,1,1610612766,1610612762,2018-11-30T00:00:00,0,1,Utah
111,2018-11-30T00:00:00,2,0021800320,1610612766,CHA,Charlotte,11-11,19,34,30,28,0,0,0,0,0,0,0,0,0,0,111,0.495,0.615,0.321,19,38,8,0021700824,2018-02-09T00:00:00,1610612766,Charlotte,Hornets,CHA,94,1610612762,Utah,Jazz,UTA,106,2018-11-30T00:00:00,2,3,Final,20181130/UTACHA,1610612766,1610612762,2018,4,     ,,Q4       - ,1,1610612766,1610612762,2018-11-30T00:00:00,0,1,Utah
112,2018-11-30T00:00:00,3,0021800321,1610612741,CHI,Chicago,5-18,21,19,25,23,0,0,0,0,0,0,0,0,0,0,88,0.43,0.786,0.143,25,40,15,0021800031,2018-10-20T00:00:00,1610612765,Detroit,Pistons,DET,118,1610612741,Chicago,Bulls,CHI,116,2018-11-30T00:00:00,3,3,Final,20181130/CHIDET,1610612765,1610612741,2018,4,     ,,Q4       - ,1,1610612765,1610612741,2018-11-30T00:00:00,2,0,Detroit
113,2018-11-30T00:00:00,3,0021800321,1610612765,DET,Detroit,12-7,34,21,24,28,0,0,0,0,0,0,0,0,0,0,107,0.446,0.75,0.382,24,52,13,0021800031,2018-10-20T00:00:00,1610612765,Detroit,Pistons,DET,118,1610612741,Chicago,Bulls,CHI,116,2018-11-30T00:00:00,3,3,Final,20181130/CHIDET,1610612765,1610612741,2018,4,     ,,Q4       - ,1,1610612765,1610612741,2018-11-30T00:00:00,2,0,Detroit
114,2018-11-30T00:00:00,4,0021800322,1610612764,WAS,Washington,8-14,19,27,24,28,0,0,0,0,0,0,0,0,0,0,98,0.402,0.842,0.286,22,42,15,0021700895,2018-02-25T00:00:00,1610612755,Philadelphia,76ers,PHI,94,1610612764,Washington,Wizards,WAS,109,2018-11-30T00:00:00,4,3,Final,20181130/WASPHI,1610612755,1610612764,2018,4,     ,,Q4       - ,1,1610612755,1610612764,2018-11-30T00:00:00,1,0,Philadelphia
115,2018-11-30T00:00:00,4,0021800322,1610612755,PHI,Philadelphia,16-8,31,37,30,25,0,0,0,0,0,0,0,0,0,0,123,0.439,0.758,0.316,28,58,12,0021700895,2018-02-25T00:00:00,1610612755,Philadelphia,76ers,PHI,94,1610612764,Washington,Wizards,WAS,109,2018-11-30T00:00:00,4,3,Final,20181130/WASPHI,1610612755,1610612764,2018,4,     ,,Q4       - ,1,1610612755,1610612764,2018-11-30T00:00:00,1,0,Philadelphia
116,2018-11-30T00:00:00,5,0021800323,1610612763,MEM,Memphis,13-8,26,32,27,26,6,14,0,0,0,0,0,0,0,0,131,0.495,0.864,0.4,27,45,17,0021701053,2018-03-19T00:00:00,1610612751,Brooklyn,Nets,BKN,118,1610612763,Memphis,Grizzlies,MEM,115,2018-11-30T00:00:00,5,3,Final,20181130/MEMBKN,1610612751,1610612763,2018,6,     ,,Q6       - ,1,1610612751,1610612763,2018-11-30T00:00:00,0,1,Memphis
117,2018-11-30T00:00:00,5,0021800323,1610612751,BKN,Brooklyn,8-15,26,32,22,31,6,8,0,0,0,0,0,0,0,0,125,0.447,0.833,0.364,26,51,16,0021701053,2018-03-19T00:00:00,1610612751,Brooklyn,Nets,BKN,118,1610612763,Memphis,Grizzlies,MEM,115,2018-11-30T00:00:00,5,3,Final,20181130/MEMBKN,1610612751,1610612763,2018,6,     ,,Q6       - ,1,1610612751,1610612763,2018-11-30T00:00:00,0,1,Memphis
118,2018-11-30T00:00:00,6,0021800324,1610612740,NOP,New Orleans,11-12,17,24,34,26,0,0,0,0,0,0,0,0,0,0,101,0.427,0.862,0.214,25,46,16,0011800062,2018-10-10T00:00:00,1610612748,Miami,Heat,MIA,140,1610612740,New Orleans,Pelicans,NOP,128,2018-11-30T00:00:00,6,3,Final,20181130/NOPMIA,1610612748,1610612740,2018,4,     ,,Q4       - ,1,1610612748,1610612740,2018-11-30T00:00:00,1,0,Miami
119,2018-11-30T00:00:00,6,0021800324,1610612748,MIA,Miami,8-13,37,24,20,25,0,0,0,0,0,0,0,0,0,0,106,0.43,0.625,0.333,22,46,10,0011800062,2018-10-10T00:00:00,1610612748,Miami,Heat,MIA,140,1610612740,New Orleans,Pelicans,NOP,128,2018-11-30T00:00:00,6,3,Final,20181130/NOPMIA,1610612748,1610612740,2018,4,     ,,Q4       - ,1,1610612748,1610612740,2018-11-30T00:00:00,1,0,Miami
120,2018-11-30T00:00:00,7,0021800325,1610612737,ATL,Atlanta,5-18,26,20,30,33,0,0,0,0,0,0,0,0,0,0,109,0.448,0.6,0.306,26,42,21,0011800043,2018-10-07T00:00:00,1610612760,Oklahoma City,Thunder,OKC,113,1610612737,Atlanta,Hawks,ATL,94,2018-11-30T00:00:00,7,3,Final,20181130/ATLOKC,1610612760,1610612737,2018,4,     ,,Q4       - ,1,1610612760,1610612737,2018-11-30T00:00:00,1,0,Oklahoma City
121,2018-11-30T00:00:00,7,0021800325,1610612760,OKC,Oklahoma City,14-7,28,38,25,33,0,0,0,0,0,0,0,0,0,0,124,0.523,0.933,0.439,30,46,20,0011800043,2018-10-07T00:00:00,1610612760,Oklahoma City,Thunder,OKC,113,1610612737,Atlanta,Hawks,ATL,94,2018-11-30T00:00:00,7,3,Final,20181130/ATLOKC,1610612760,1610612737,2018,4,     ,,Q4       - ,1,1610612760,1610612737,2018-11-30T00:00:00,1,0,Oklahoma City
122,2018-11-30T00:00:00,8,0021800326,1610612745,HOU,Houston,10-11,39,31,40,26,0,0,0,0,0,0,0,0,0,0,136,0.5,0.8,0.407,32,49,5,0021800180,2018-11-10T00:00:00,1610612759,San Antonio,Spurs,SAS,96,1610612745,Houston,Rockets,HOU,89,2018-11-30T00:00:00,8,3,Final,20181130/HOUSAS,1610612759,1610612745,2018,4,     ,ESPN,Q4       - ESPN,1,1610612759,1610612745,2018-11-30T00:00:00,1,1,Tied
123,2018-11-30T00:00:00,8,0021800326,1610612759,SAS,San Antonio,10-12,23,24,27,31,0,0,0,0,0,0,0,0,0,0,105,0.453,0.85,0.357,24,41,13,0021800180,2018-11-10T00:00:00,1610612759,San Antonio,Spurs,SAS,96,1610612745,Houston,Rockets,HOU,89,2018-11-30T00:00:00,8,3,Final,20181130/HOUSAS,1610612759,1610612745,2018,4,     ,ESPN,Q4       - ESPN,1,1610612759,1610612745,2018-11-30T00:00:00,1,1,Tied
124,2018-11-30T00:00:00,9,0021800327,1610612753,ORL,Orlando,11-12,21,30,24,24,0,0,0,0,0,0,0,0,0,0,99,0.476,0.722,0.296,23,44,12,0021701090,2018-03-24T00:00:00,1610612756,Phoenix,Suns,PHX,99,1610612753,Orlando,Magic,ORL,105,2018-11-30T00:00:00,9,3,Final,20181130/ORLPHX,1610612756,1610612753,2018,4,     ,,Q4       - ,1,1610612756,1610612753,2018-11-30T00:00:00,0,1,Orlando
125,2018-11-30T00:00:00,9,0021800327,1610612756,PHX,Phoenix,4-18,25,23,23,14,0,0,0,0,0,0,0,0,0,0,85,0.405,0.714,0.25,22,40,12,0021701090,2018-03-24T00:00:00,1610612756,Phoenix,Suns,PHX,99,1610612753,Orlando,Magic,ORL,105,2018-11-30T00:00:00,9,3,Final,20181130/ORLPHX,1610612756,1610612753,2018,4,     ,,Q4       - ,1,1610612756,1610612753,2018-11-30T00:00:00,0,1,Orlando
126,2018-11-30T00:00:00,10,0021800328,1610612742,DAL,Dallas,10-10,32,26,17,28,0,0,0,0,0,0,0,0,0,0,103,0.395,0.735,0.256,20,46,16,0021800109,2018-10-31T00:00:00,1610612747,Los Angeles,Lakers,LAL,114,1610612742,Dallas,Mavericks,DAL,113,2018-11-30T00:00:00,10,3,Final,20181130/DALLAL,1610612747,1610612742,2018,4,     ,,Q4       - ,1,1610612747,1610612742,2018-11-30T00:00:00,2,0,L.A. Lakers
127,2018-11-30T00:00:00,10,0021800328,1610612747,LAL,Los Angeles,13-9,22,31,25,36,0,0,0,0,0,0,0,0,0,0,114,0.488,0.656,0.3,23,47,17,0021800109,2018-10-31T00:00:00,1610612747,Los Angeles,Lakers,LAL,114,1610612742,Dallas,Mavericks,DAL,113,2018-11-30T00:00:00,10,3,Final,20181130/DALLAL,1610612747,1610612742,2018,4,     ,,Q4       - ,1,1610612747,1610612742,2018-11-30T00:00:00,2,0,L.A. Lakers
128,2018-11-30T00:00:00,11,0021800329,1610612743,DEN,Denver,15-7,38,30,23,22,0,0,0,0,0,0,0,0,0,0,113,0.46,0.731,0.467,28,41,11,0021701211,2018-04-09T00:00:00,1610612757,Portland,Trail Blazers,POR,82,1610612743,Denver,Nuggets,DEN,88,2018-11-30T00:00:00,11,3,Final,20181130/DENPOR,1610612757,1610612743,2018,4,     ,ESPN,Q4       - ESPN,1,1610612757,1610612743,2018-11-30T00:00:00,0,1,Denver
129,2018-11-30T00:00:00,11,0021800329,1610612757,POR,Portland,13-9,26,27,32,27,0,0,0,0,0,0,0,0,0,0,112,0.529,0.762,0.273,19,44,14,0021701211,2018-04-09T00:00:00,1610612757,Portland,Trail Blazers,POR,82,1610612743,Denver,Nuggets,DEN,88,2018-11-30T00:00:00,11,3,Final,20181130/DENPOR,1610612757,1610612743,2018,4,     ,ESPN,Q4       - ESPN,1,1610612757,1610612743,2018-11-30T00:00:00,0,1,Denver
130,2018-12-01T00:00:00,1,0021800330,1610612749,MIL,Milwaukee,15-7,35,31,31,27,10,0,0,0,0,0,0,0,0,0,134,0.489,0.774,0.429,28,51,16,0021800042,2018-10-22T00:00:00,1610612752,New York,Knicks,NYK,113,1610612749,Milwaukee,Bucks,MIL,124,2018-12-01T00:00:00,1,3,Final,20181201/MILNYK,1610612752,1610612749,2018,5,     ,,Q5       - ,1,1610612752,1610612749,2018-12-01T00:00:00,1,1,Tied
131,2018-12-01T00:00:00,1,0021800330,1610612752,NYK,New York,8-16,28,33,32,31,12,0,0,0,0,0,0,0,0,0,136,0.531,0.667,0.588,30,41,16,0021800042,2018-10-22T00:00:00,1610612752,New York,Knicks,NYK,113,1610612749,Milwaukee,Bucks,MIL,124,2018-12-01T00:00:00,1,3,Final,20181201/MILNYK,1610612752,1610612749,2018,5,     ,,Q5       - ,1,1610612752,1610612749,2018-12-01T00:00:00,1,1,Tied
132,2018-12-01T00:00:00,2,0021800331,1610612744,GSW,Golden State,15-9,24,22,32,24,0,0,0,0,0,0,0,0,0,0,102,0.459,0.857,0.231,23,44,14,0021700368,2017-12-08T00:00:00,1610612765,Detroit,Pistons,DET,98,1610612744,Golden State,Warriors,GSW,102,2018-12-01T00:00:00,2,3,Final,20181201/GSWDET,1610612765,1610612744,2018,4,     ,,Q4       - ,1,1610612765,1610612744,2018-12-01T00:00:00,1,0,Detroit
133,2018-12-01T00:00:00,2,0021800331,1610612765,DET,Detroit,13-7,24,30,31,26,0,0,0,0,0,0,0,0,0,0,111,0.439,0.65,0.343,22,47,11,0021700368,2017-12-08T00:00:00,1610612765,Detroit,Pistons,DET,98,1610612744,Golden State,Warriors,GSW,102,2018-12-01T00:00:00,2,3,Final,20181201/GSWDET,1610612765,1610612744,2018,4,     ,,Q4       - ,1,1610612765,1610612744,2018-12-01T00:00:00,1,0,Detroit
134,2018-12-01T00:00:00,3,0021800333,1610612751,BKN,Brooklyn,8-16,19,20,19,30,0,0,0,0,0,0,0,0,0,0,88,0.37,0.8,0.242,19,42,17,0021800219,2018-11-16T00:00:00,1610612764,Washington,Wizards,WAS,104,1610612751,Brooklyn,Nets,BKN,115,2018-12-01T00:00:00,3,3,Final,20181201/BKNWAS,1610612764,1610612751,2018,4,     ,,Q4       - ,1,1610612764,1610612751,2018-12-01T00:00:00,1,1,Tied
135,2018-12-01T00:00:00,3,0021800333,1610612764,WAS,Washington,9-14,24,18,26,34,0,0,0,0,0,0,0,0,0,0,102,0.519,0.667,0.308,19,38,13,0021800219,2018-11-16T00:00:00,1610612764,Washington,Wizards,WAS,104,1610612751,Brooklyn,Nets,BKN,115,2018-12-01T00:00:00,3,3,Final,20181201/BKNWAS,1610612764,1610612751,2018,4,     ,,Q4       - ,1,1610612764,1610612751,2018-12-01T00:00:00,1,1,Tied
136,2018-12-01T00:00:00,4,0021800332,1610612761,TOR,Toronto,20-4,21,26,30,29,0,0,0,0,0,0,0,0,0,0,106,0.488,0.84,0.269,15,42,10,0021800008,2018-10-17T00:00:00,1610612739,Cleveland,Cavaliers,CLE,104,1610612761,Toronto,Raptors,TOR,116,2018-12-01T00:00:00,4,3,Final,20181201/TORCLE,1610612739,1610612761,2018,4,     ,,Q4       - ,1,1610612739,1610612761,2018-12-01T00:00:00,0,2,Toronto
137,2018-12-01T00:00:00,4,0021800332,1610612739,CLE,Cleveland,4-18,21,19,27,28,0,0,0,0,0,0,0,0,0,0,95,0.386,0.88,0.227,14,44,11,0021800008,2018-10-17T00:00:00,1610612739,Cleveland,Cavaliers,CLE,104,1610612761,Toronto,Raptors,TOR,116,2018-12-01T00:00:00,4,3,Final,20181201/TORCLE,1610612739,1610612761,2018,4,     ,,Q4       - ,1,1610612739,1610612761,2018-12-01T00:00:00,0,2,Toronto
138,2018-12-01T00:00:00,5,0021800334,1610612741,CHI,Chicago,5-19,22,24,29,30,0,0,0,0,0,0,0,0,0,0,105,0.443,0.792,0.25,15,41,13,0021800129,2018-11-03T00:00:00,1610612745,Houston,Rockets,HOU,96,1610612741,Chicago,Bulls,CHI,88,2018-12-01T00:00:00,5,3,Final,20181201/CHIHOU,1610612745,1610612741,2018,4,     ,,Q4       - ,1,1610612745,1610612741,2018-12-01T00:00:00,2,0,Houston
139,2018-12-01T00:00:00,5,0021800334,1610612745,HOU,Houston,11-11,38,18,31,34,0,0,0,0,0,0,0,0,0,0,121,0.5,0.7,0.39,23,47,14,0021800129,2018-11-03T00:00:00,1610612745,Houston,Rockets,HOU,96,1610612741,Chicago,Bulls,CHI,88,2018-12-01T00:00:00,5,3,Final,20181201/CHIHOU,1610612745,1610612741,2018,4,     ,,Q4       - ,1,1610612745,1610612741,2018-12-01T00:00:00,2,0,Houston
140,2018-12-01T00:00:00,6,0021800335,1610612738,BOS,Boston,13-10,29,28,27,34,0,0,0,0,0,0,0,0,0,0,118,0.471,1.0,0.386,30,40,14,0021700974,2018-03-08T00:00:00,1610612750,Minnesota,Timberwolves,MIN,109,1610612738,Boston,Celtics,BOS,117,2018-12-01T00:00:00,6,3,Final,20181201/BOSMIN,1610612750,1610612738,2018,4,     ,NBA TV,Q4       - NBA TV,1,1610612750,1610612738,2018-12-01T00:00:00,0,1,Boston
141,2018-12-01T00:00:00,6,0021800335,1610612750,MIN,Minnesota,11-12,26,22,29,32,0,0,0,0,0,0,0,0,0,0,109,0.451,0.813,0.321,19,39,16,0021700974,2018-03-08T00:00:00,1610612750,Minnesota,Timberwolves,MIN,109,1610612738,Boston,Celtics,BOS,117,2018-12-01T00:00:00,6,3,Final,20181201/BOSMIN,1610612750,1610612738,2018,4,     ,NBA TV,Q4       - NBA TV,1,1610612750,1610612738,2018-12-01T00:00:00,0,1,Boston
142,2018-12-01T00:00:00,7,0021800336,1610612754,IND,Indiana,13-10,30,30,31,19,0,0,0,0,0,0,0,0,0,0,110,0.524,0.778,0.417,32,42,25,0021701127,2018-03-29T00:00:00,1610612758,Sacramento,Kings,SAC,103,1610612754,Indiana,Pacers,IND,106,2018-12-01T00:00:00,7,3,Final,20181201/INDSAC,1610612758,1610612754,2018,4,     ,,Q4       - ,1,1610612758,1610612754,2018-12-01T00:00:00,1,1,Tied
143,2018-12-01T00:00:00,7,0021800336,1610612758,SAC,Sacramento,11-11,26,32,31,22,0,0,0,0,0,0,0,0,0,0,111,0.451,0.667,0.448,25,46,20,0021701127,2018-03-29T00:00:00,1610612758,Sacramento,Kings,SAC,103,1610612754,Indiana,Pacers,IND,106,2018-12-01T00:00:00,7,3,Final,20181201/INDSAC,1610612758,1610612754,2018,4,     ,,Q4       - ,1,1610612758,1610612754,2018-12-01T00:00:00,1,1,Tied
144,2018-12-02T00:00:00,1,0021800337,1610612756,PHX,Phoenix,4-19,31,15,28,22,0,0,0,0,0,0,0,0,0,0,96,0.398,0.818,0.394,24,40,15,0021800060,2018-10-24T00:00:00,1610612747,Los Angeles,Lakers,LAL,131,1610612756,Phoenix,Suns,PHX,113,2018-12-02T00:00:00,1,3,Final,20181202/PHXLAL,1610612747,1610612756,2018,4,     ,,Q4       - ,1,1610612747,1610612756,2018-12-02T00:00:00,2,0,L.A. Lakers
145,2018-12-02T00:00:00,1,0021800337,1610612747,LAL,Los Angeles,14-9,21,40,34,25,0,0,0,0,0,0,0,0,0,0,120,0.5,0.739,0.407,26,56,19,0021800060,2018-10-24T00:00:00,1610612747,Los Angeles,Lakers,LAL,131,1610612756,Phoenix,Suns,PHX,113,2018-12-02T00:00:00,1,3,Final,20181202/PHXLAL,1610612747,1610612756,2018,4,     ,,Q4       - ,1,1610612747,1610612756,2018-12-02T00:00:00,2,0,L.A. Lakers
146,2018-12-02T00:00:00,2,0021800338,1610612740,NOP,New Orleans,12-12,29,36,22,32,0,0,0,0,0,0,0,0,0,0,119,0.512,0.833,0.344,30,50,17,0021701011,2018-03-13T00:00:00,1610612766,Charlotte,Hornets,CHA,115,1610612740,New Orleans,Pelicans,NOP,119,2018-12-02T00:00:00,2,3,Final,20181202/NOPCHA,1610612766,1610612740,2018,4,     ,,Q4       - ,1,1610612766,1610612740,2018-12-02T00:00:00,0,1,New Orleans
147,2018-12-02T00:00:00,2,0021800338,1610612766,CHA,Charlotte,11-12,30,26,21,32,0,0,0,0,0,0,0,0,0,0,109,0.429,0.75,0.278,25,41,11,0021701011,2018-03-13T00:00:00,1610612766,Charlotte,Hornets,CHA,115,1610612740,New Orleans,Pelicans,NOP,119,2018-12-02T00:00:00,2,3,Final,20181202/NOPCHA,1610612766,1610612740,2018,4,     ,,Q4       - ,1,1610612766,1610612740,2018-12-02T00:00:00,0,1,New Orleans
148,2018-12-02T00:00:00,3,0021800339,1610612762,UTA,Utah,11-13,35,20,22,23,0,0,0,0,0,0,0,0,0,0,100,0.438,0.733,0.333,21,50,13,0021700586,2018-01-07T00:00:00,1610612748,Miami,Heat,MIA,103,1610612762,Utah,Jazz,UTA,102,2018-12-02T00:00:00,3,3,Final,20181202/UTAMIA,1610612748,1610612762,2018,4,     ,,Q4       - ,1,1610612748,1610612762,2018-12-02T00:00:00,1,0,Miami
149,2018-12-02T00:00:00,3,0021800339,1610612748,MIA,Miami,9-13,27,26,27,22,0,0,0,0,0,0,0,0,0,0,102,0.396,0.708,0.419,20,50,13,0021700586,2018-01-07T00:00:00,1610612748,Miami,Heat,MIA,103,1610612762,Utah,Jazz,UTA,102,2018-12-02T00:00:00,3,3,Final,20181202/UTAMIA,1610612748,1610612762,2018,4,     ,,Q4       - ,1,1610612748,1610612762,2018-12-02T00:00:00,1,0,Miami
150,2018-12-02T00:00:00,4,0021800340,1610612763,MEM,Memphis,13-9,25,19,24,27,0,0,0,0,0,0,0,0,0,0,95,0.418,0.783,0.393,19,35,14,0021800179,2018-11-10T00:00:00,1610612755,Philadelphia,76ers,PHI,106,1610612763,Memphis,Grizzlies,MEM,112,2018-12-02T00:00:00,4,3,Final,20181202/MEMPHI,1610612755,1610612763,2018,4,     ,,Q4       - ,1,1610612755,1610612763,2018-12-02T00:00:00,1,1,Tied
151,2018-12-02T00:00:00,4,0021800340,1610612755,PHI,Philadelphia,17-8,26,28,24,25,0,0,0,0,0,0,0,0,0,0,103,0.486,0.767,0.364,22,44,16,0021800179,2018-11-10T00:00:00,1610612755,Philadelphia,76ers,PHI,106,1610612763,Memphis,Grizzlies,MEM,112,2018-12-02T00:00:00,4,3,Final,20181202/MEMPHI,1610612755,1610612763,2018,4,     ,,Q4       - ,1,1610612755,1610612763,2018-12-02T00:00:00,1,1,Tied
152,2018-12-02T00:00:00,5,0021800341,1610612746,LAC,LA,15-7,35,23,22,30,0,0,0,0,0,0,0,0,0,0,110,0.442,0.773,0.375,23,44,10,0021700796,2018-02-05T00:00:00,1610612742,Dallas,Mavericks,DAL,101,1610612746,LA,Clippers,LAC,104,2018-12-02T00:00:00,5,3,Final,20181202/LACDAL,1610612742,1610612746,2018,4,     ,,Q4       - ,1,1610612742,1610612746,2018-12-02T00:00:00,1,0,Dallas
153,2018-12-02T00:00:00,5,0021800341,1610612742,DAL,Dallas,11-10,34,28,26,26,0,0,0,0,0,0,0,0,0,0,114,0.442,0.846,0.348,20,64,16,0021700796,2018-02-05T00:00:00,1610612742,Dallas,Mavericks,DAL,101,1610612746,LA,Clippers,LAC,104,2018-12-02T00:00:00,5,3,Final,20181202/LACDAL,1610612742,1610612746,2018,4,     ,,Q4       - ,1,1610612742,1610612746,2018-12-02T00:00:00,1,0,Dallas
154,2018-12-02T00:00:00,6,0021800342,1610612757,POR,Portland,13-10,33,22,35,28,0,0,0,0,0,0,0,0,0,0,118,0.523,1.0,0.414,25,35,17,0021800034,2018-10-20T00:00:00,1610612759,San Antonio,Spurs,SAS,108,1610612757,Portland,Trail Blazers,POR,121,2018-12-02T00:00:00,6,3,Final,20181202/PORSAS,1610612759,1610612757,2018,4,     ,,Q4       - ,1,1610612759,1610612757,2018-12-02T00:00:00,1,1,Tied
155,2018-12-02T00:00:00,6,0021800342,1610612759,SAS,San Antonio,11-12,32,30,35,34,0,0,0,0,0,0,0,0,0,0,131,0.602,0.909,0.733,29,34,12,0021800034,2018-10-20T00:00:00,1610612759,San Antonio,Spurs,SAS,108,1610612757,Portland,Trail Blazers,POR,121,2018-12-02T00:00:00,6,3,Final,20181202/PORSAS,1610612759,1610612757,2018,4,     ,,Q4       - ,1,1610612759,1610612757,2018-12-02T00:00:00,1,1,Tied
156,2018-12-03T00:00:00,1,0021800343,1610612760,OKC,Oklahoma City,15-7,26,24,37,23,0,0,0,0,0,0,0,0,0,0,110,0.506,0.85,0.28,23,52,17,0011800023,2018-10-03T00:00:00,1610612765,Detroit,Pistons,DET,97,1610612760,Oklahoma City,Thunder,OKC,91,2018-12-03T00:00:00,1,3,Final,20181203/OKCDET,1610612765,1610612760,2018,4,     ,NBA TV,Q4       - NBA TV,1,1610612765,1610612760,2018-12-03T00:00:00,0,1,Oklahoma City
157,2018-12-03T00:00:00,1,0021800343,1610612765,DET,Detroit,13-8,17,23,19,24,0,0,0,0,0,0,0,0,0,0,83,0.33,0.789,0.188,16,41,15,0011800023,2018-10-03T00:00:00,1610612765,Detroit,Pistons,DET,97,1610612760,Oklahoma City,Thunder,OKC,91,2018-12-03T00:00:00,1,3,Final,20181203/OKCDET,1610612765,1610612760,2018,4,     ,NBA TV,Q4       - NBA TV,1,1610612765,1610612760,2018-12-03T00:00:00,0,1,Oklahoma City
158,2018-12-03T00:00:00,2,0021800344,1610612744,GSW,Golden State,16-9,34,27,36,31,0,0,0,0,0,0,0,0,0,0,128,0.585,0.864,0.542,33,39,20,0021800201,2018-11-13T00:00:00,1610612737,Atlanta,Hawks,ATL,103,1610612744,Golden State,Warriors,GSW,110,2018-12-03T00:00:00,2,3,Final,20181203/GSWATL,1610612737,1610612744,2018,4,     ,,Q4       - ,1,1610612737,1610612744,2018-12-03T00:00:00,0,2,Golden State
159,2018-12-03T00:00:00,2,0021800344,1610612737,ATL,Atlanta,5-19,17,30,30,34,0,0,0,0,0,0,0,0,0,0,111,0.489,0.75,0.192,23,35,18,0021800201,2018-11-13T00:00:00,1610612737,Atlanta,Hawks,ATL,103,1610612744,Golden State,Warriors,GSW,110,2018-12-03T00:00:00,2,3,Final,20181203/GSWATL,1610612737,1610612744,2018,4,     ,,Q4       - ,1,1610612737,1610612744,2018-12-03T00:00:00,0,2,Golden State
160,2018-12-03T00:00:00,3,0021800345,1610612739,CLE,Cleveland,5-18,30,26,24,19,0,0,0,0,0,0,0,0,0,0,99,0.432,0.95,0.267,15,55,9,0021800053,2018-10-24T00:00:00,1610612751,Brooklyn,Nets,BKN,102,1610612739,Cleveland,Cavaliers,CLE,86,2018-12-03T00:00:00,3,3,Final,20181203/CLEBKN,1610612751,1610612739,2018,4,     ,,Q4       - ,1,1610612751,1610612739,2018-12-03T00:00:00,1,1,Tied
161,2018-12-03T00:00:00,3,0021800345,1610612751,BKN,Brooklyn,8-17,29,21,26,21,0,0,0,0,0,0,0,0,0,0,97,0.394,0.563,0.25,17,50,7,0021800053,2018-10-24T00:00:00,1610612751,Brooklyn,Nets,BKN,102,1610612739,Cleveland,Cavaliers,CLE,86,2018-12-03T00:00:00,3,3,Final,20181203/CLEBKN,1610612751,1610612739,2018,4,     ,,Q4       - ,1,1610612751,1610612739,2018-12-03T00:00:00,1,1,Tied
162,2018-12-03T00:00:00,4,0021800346,1610612764,WAS,Washington,10-14,26,26,34,24,0,0,0,0,0,0,0,0,0,0,110,0.478,0.75,0.406,30,38,10,0021800135,2018-11-04T00:00:00,1610612752,New York,Knicks,NYK,95,1610612764,Washington,Wizards,WAS,108,2018-12-03T00:00:00,4,3,Final,20181203/WASNYK,1610612752,1610612764,2018,4,     ,,Q4       - ,1,1610612752,1610612764,2018-12-03T00:00:00,0,2,Washington
163,2018-12-03T00:00:00,4,0021800346,1610612752,NYK,New York,8-17,32,29,19,27,0,0,0,0,0,0,0,0,0,0,107,0.411,0.75,0.353,20,55,16,0021800135,2018-11-04T00:00:00,1610612752,New York,Knicks,NYK,95,1610612764,Washington,Wizards,WAS,108,2018-12-03T00:00:00,4,3,Final,20181203/WASNYK,1610612752,1610612764,2018,4,     ,,Q4       - ,1,1610612752,1610612764,2018-12-03T00:00:00,0,2,Washington
164,2018-12-03T00:00:00,5,0021800347,1610612743,DEN,Denver,16-7,27,32,27,20,0,0,0,0,0,0,0,0,0,0,106,0.449,0.625,0.393,32,49,20,0021701109,2018-03-27T00:00:00,1610612761,Toronto,Raptors,TOR,114,1610612743,Denver,Nuggets,DEN,110,2018-12-03T00:00:00,5,3,Final,20181203/DENTOR,1610612761,1610612743,2018,4,     ,,Q4       - ,1,1610612761,1610612743,2018-12-03T00:00:00,0,1,Denver
165,2018-12-03T00:00:00,5,0021800347,1610612761,TOR,Toronto,20-5,24,23,31,25,0,0,0,0,0,0,0,0,0,0,103,0.46,1.0,0.268,28,41,17,0021701109,2018-03-27T00:00:00,1610612761,Toronto,Raptors,TOR,114,1610612743,Denver,Nuggets,DEN,110,2018-12-03T00:00:00,5,3,Final,20181203/DENTOR,1610612761,1610612743,2018,4,     ,,Q4       - ,1,1610612761,1610612743,2018-12-03T00:00:00,0,1,Denver
166,2018-12-03T00:00:00,6,0021800348,1610612745,HOU,Houston,11-12,24,38,20,9,0,0,0,0,0,0,0,0,0,0,91,0.432,0.842,0.282,24,34,20,0041700145,2018-04-25T00:00:00,1610612750,Minnesota,Timberwolves,MIN,104,1610612745,Houston,Rockets,HOU,122,2018-12-03T00:00:00,6,3,Final,20181203/HOUMIN,1610612750,1610612745,2018,4,     ,,Q4       - ,1,1610612750,1610612745,2018-12-03T00:00:00,1,0,Minnesota
167,2018-12-03T00:00:00,6,0021800348,1610612750,MIN,Minnesota,12-12,24,24,38,17,0,0,0,0,0,0,0,0,0,0,103,0.439,0.714,0.5,22,42,14,0041700145,2018-04-25T00:00:00,1610612750,Minnesota,Timberwolves,MIN,104,1610612745,Houston,Rockets,HOU,122,2018-12-03T00:00:00,6,3,Final,20181203/HOUMIN,1610612750,1610612745,2018,4,     ,,Q4       - ,1,1610612750,1610612745,2018-12-03T00:00:00,1,0,Minnesota
168,2018-12-03T00:00:00,7,0021800349,1610612746,LAC,LA,16-7,36,41,24,28,0,0,0,0,0,0,0,0,0,0,129,0.59,0.767,0.4,29,39,12,0021800050,2018-10-23T00:00:00,1610612740,New Orleans,Pelicans,NOP,116,1610612746,LA,Clippers,LAC,109,2018-12-03T00:00:00,7,3,Final,20181203/LACNOP,1610612740,1610612746,2018,4,     ,,Q4       - ,1,1610612740,1610612746,2018-12-03T00:00:00,1,1,Tied
169,2018-12-03T00:00:00,7,0021800349,1610612740,NOP,New Orleans,12-13,29,36,32,29,0,0,0,0,0,0,0,0,0,0,126,0.533,0.682,0.382,32,35,7,0021800050,2018-10-23T00:00:00,1610612740,New Orleans,Pelicans,NOP,116,1610612746,LA,Clippers,LAC,109,2018-12-03T00:00:00,7,3,Final,20181203/LACNOP,1610612740,1610612746,2018,4,     ,,Q4       - ,1,1610612740,1610612746,2018-12-03T00:00:00,1,1,Tied
170,2018-12-04T00:00:00,1,0021800350,1610612741,CHI,Chicago,5-20,21,24,22,23,0,0,0,0,0,0,0,0,0,0,90,0.394,1.0,0.355,26,44,18,0021800120,2018-11-02T00:00:00,1610612754,Indiana,Pacers,IND,107,1610612741,Chicago,Bulls,CHI,105,2018-12-04T00:00:00,1,3,Final,20181204/CHIIND,1610612754,1610612741,2018,4,     ,,Q4       - ,1,1610612754,1610612741,2018-12-04T00:00:00,2,0,Indiana
171,2018-12-04T00:00:00,1,0021800350,1610612754,IND,Indiana,14-10,23,20,27,26,0,0,0,0,0,0,0,0,0,0,96,0.461,0.833,0.273,22,45,18,0021800120,2018-11-02T00:00:00,1610612754,Indiana,Pacers,IND,107,1610612741,Chicago,Bulls,CHI,105,2018-12-04T00:00:00,1,3,Final,20181204/CHIIND,1610612754,1610612741,2018,4,     ,,Q4       - ,1,1610612754,1610612741,2018-12-04T00:00:00,2,0,Indiana
172,2018-12-04T00:00:00,2,0021800351,1610612753,ORL,Orlando,12-12,27,19,30,29,0,0,0,0,0,0,0,0,0,0,105,0.442,0.75,0.5,22,43,11,0021800006,2018-10-17T00:00:00,1610612748,Miami,Heat,MIA,101,1610612753,Orlando,Magic,ORL,104,2018-12-04T00:00:00,2,3,Final,20181204/ORLMIA,1610612748,1610612753,2018,4,     ,,Q4       - ,1,1610612748,1610612753,2018-12-04T00:00:00,0,2,Orlando
173,2018-12-04T00:00:00,2,0021800351,1610612748,MIA,Miami,9-14,25,25,12,28,0,0,0,0,0,0,0,0,0,0,90,0.418,0.4,0.343,19,47,15,0021800006,2018-10-17T00:00:00,1610612748,Miami,Heat,MIA,101,1610612753,Orlando,Magic,ORL,104,2018-12-04T00:00:00,2,3,Final,20181204/ORLMIA,1610612748,1610612753,2018,4,     ,,Q4       - ,1,1610612748,1610612753,2018-12-04T00:00:00,0,2,Orlando
174,2018-12-04T00:00:00,3,0021800352,1610612757,POR,Portland,13-11,20,25,28,29,0,0,0,0,0,0,0,0,0,0,102,0.452,0.826,0.292,20,48,18,0021701164,2018-04-03T00:00:00,1610612742,Dallas,Mavericks,DAL,115,1610612757,Portland,Trail Blazers,POR,109,2018-12-04T00:00:00,3,3,Final,20181204/PORDAL,1610612742,1610612757,2018,4,     ,,Q4       - ,1,1610612742,1610612757,2018-12-04T00:00:00,1,0,Dallas
175,2018-12-04T00:00:00,3,0021800352,1610612742,DAL,Dallas,12-10,34,26,27,24,0,0,0,0,0,0,0,0,0,0,111,0.432,0.686,0.367,25,50,13,0021701164,2018-04-03T00:00:00,1610612742,Dallas,Mavericks,DAL,115,1610612757,Portland,Trail Blazers,POR,109,2018-12-04T00:00:00,3,3,Final,20181204/PORDAL,1610612742,1610612757,2018,4,     ,,Q4       - ,1,1610612742,1610612757,2018-12-04T00:00:00,1,0,Dallas
176,2018-12-04T00:00:00,4,0021800353,1610612758,SAC,Sacramento,12-11,36,32,31,23,0,0,0,0,0,0,0,0,0,0,122,0.536,0.656,0.458,27,42,13,0011800015,2018-10-01T00:00:00,1610612756,Phoenix,Suns,PHX,102,1610612758,Sacramento,Kings,SAC,106,2018-12-04T00:00:00,4,3,Final,20181204/SACPHX,1610612756,1610612758,2018,4,     ,,Q4       - ,1,1610612756,1610612758,2018-12-04T00:00:00,0,1,Sacramento
177,2018-12-04T00:00:00,4,0021800353,1610612756,PHX,Phoenix,4-20,9,31,27,38,0,0,0,0,0,0,0,0,0,0,105,0.437,0.81,0.279,27,43,21,0011800015,2018-10-01T00:00:00,1610612756,Phoenix,Suns,PHX,102,1610612758,Sacramento,Kings,SAC,106,2018-12-04T00:00:00,4,3,Final,20181204/SACPHX,1610612756,1610612758,2018,4,     ,,Q4       - ,1,1610612756,1610612758,2018-12-04T00:00:00,0,1,Sacramento
178,2018-12-04T00:00:00,5,0021800354,1610612759,SAS,San Antonio,11-13,20,27,31,27,0,0,0,0,0,0,0,0,0,0,105,0.489,0.909,0.318,25,32,16,0021701085,2018-03-23T00:00:00,1610612762,Utah,Jazz,UTA,120,1610612759,San Antonio,Spurs,SAS,124,2018-12-04T00:00:00,5,3,Final,20181204/SASUTA,1610612762,1610612759,2018,4,     ,NBA TV,Q4       - NBA TV,1,1610612762,1610612759,2018-12-04T00:00:00,1,1,Tied
179,2018-12-04T00:00:00,5,0021800354,1610612762,UTA,Utah,12-13,34,29,41,35,0,0,0,0,0,0,0,0,0,0,139,0.607,0.85,0.606,38,42,17,0021701085,2018-03-23T00:00:00,1610612762,Utah,Jazz,UTA,120,1610612759,San Antonio,Spurs,SAS,124,2018-12-04T00:00:00,5,3,Final,20181204/SASUTA,1610612762,1610612759,2018,4,     ,NBA TV,Q4       - NBA TV,1,1610612762,1610612759,2018-12-04T00:00:00,1,1,Tied
180,2018-12-05T00:00:00,1,0021800355,1610612744,GSW,Golden State,17-9,31,27,37,34,0,0,0,0,0,0,0,0,0,0,129,0.529,0.875,0.529,29,46,8,0041700404,2018-06-08T00:00:00,1610612739,Cleveland,Cavaliers,CLE,85,1610612744,Golden State,Warriors,GSW,108,2018-12-05T00:00:00,1,3,Final,20181205/GSWCLE,1610612739,1610612744,2018,4,     ,,Q4       - ,1,1610612739,1610612744,2018-12-05T00:00:00,0,1,Golden State
181,2018-12-05T00:00:00,1,0021800355,1610612739,CLE,Cleveland,5-19,25,39,22,19,0,0,0,0,0,0,0,0,0,0,105,0.438,0.696,0.344,17,41,10,0041700404,2018-06-08T00:00:00,1610612739,Cleveland,Cavaliers,CLE,85,1610612744,Golden State,Warriors,GSW,108,2018-12-05T00:00:00,1,3,Final,20181205/GSWCLE,1610612739,1610612744,2018,4,     ,,Q4       - ,1,1610612739,1610612744,2018-12-05T00:00:00,0,1,Golden State
182,2018-12-05T00:00:00,2,0021800356,1610612743,DEN,Denver,17-7,31,25,32,24,12,0,0,0,0,0,0,0,0,0,124,0.549,0.622,0.579,34,43,10,0021800276,2018-11-23T00:00:00,1610612753,Orlando,Magic,ORL,87,1610612743,Denver,Nuggets,DEN,112,2018-12-05T00:00:00,2,3,Final,20181205/DENORL,1610612753,1610612743,2018,5,     ,,Q5       - ,1,1610612753,1610612743,2018-12-05T00:00:00,0,2,Denver
183,2018-12-05T00:00:00,2,0021800356,1610612753,ORL,Orlando,12-13,28,26,32,26,6,0,0,0,0,0,0,0,0,0,118,0.474,1.0,0.408,30,40,9,0021800276,2018-11-23T00:00:00,1610612753,Orlando,Magic,ORL,87,1610612743,Denver,Nuggets,DEN,112,2018-12-05T00:00:00,2,3,Final,20181205/DENORL,1610612753,1610612743,2018,5,     ,,Q5       - ,1,1610612753,1610612743,2018-12-05T00:00:00,0,2,Denver
184,2018-12-05T00:00:00,3,0021800357,1610612764,WAS,Washington,11-14,33,39,31,28,0,0,0,0,0,0,0,0,0,0,131,0.484,0.844,0.316,35,49,15,0021701184,2018-04-06T00:00:00,1610612737,Atlanta,Hawks,ATL,103,1610612764,Washington,Wizards,WAS,97,2018-12-05T00:00:00,3,3,Final,20181205/WASATL,1610612737,1610612764,2018,4,     ,,Q4       - ,1,1610612737,1610612764,2018-12-05T00:00:00,0,1,Washington
185,2018-12-05T00:00:00,3,0021800357,1610612737,ATL,Atlanta,5-20,25,24,45,23,0,0,0,0,0,0,0,0,0,0,117,0.446,0.742,0.316,28,43,17,0021701184,2018-04-06T00:00:00,1610612737,Atlanta,Hawks,ATL,103,1610612764,Washington,Wizards,WAS,97,2018-12-05T00:00:00,3,3,Final,20181205/WASATL,1610612737,1610612764,2018,4,     ,,Q4       - ,1,1610612737,1610612764,2018-12-05T00:00:00,0,1,Washington
186,2018-12-05T00:00:00,4,0021800358,1610612760,OKC,Oklahoma City,16-7,24,22,29,39,0,0,0,0,0,0,0,0,0,0,114,0.434,0.577,0.342,28,60,13,0021700697,2018-01-23T00:00:00,1610612751,Brooklyn,Nets,BKN,108,1610612760,Oklahoma City,Thunder,OKC,109,2018-12-05T00:00:00,4,3,Final,20181205/OKCBKN,1610612751,1610612760,2018,4,     ,,Q4       - ,1,1610612751,1610612760,2018-12-05T00:00:00,0,1,Oklahoma City
187,2018-12-05T00:00:00,4,0021800358,1610612751,BKN,Brooklyn,8-18,26,36,31,19,0,0,0,0,0,0,0,0,0,0,112,0.43,0.767,0.417,21,45,14,0021700697,2018-01-23T00:00:00,1610612751,Brooklyn,Nets,BKN,108,1610612760,Oklahoma City,Thunder,OKC,109,2018-12-05T00:00:00,4,3,Final,20181205/OKCBKN,1610612751,1610612760,2018,4,     ,,Q4       - ,1,1610612751,1610612760,2018-12-05T00:00:00,0,1,Oklahoma City
188,2018-12-05T00:00:00,5,0021800359,1610612755,PHI,Philadelphia,17-9,29,20,28,25,0,0,0,0,0,0,0,0,0,0,102,0.455,0.786,0.314,26,49,21,0021800100,2018-10-30T00:00:00,1610612761,Toronto,Raptors,TOR,129,1610612755,Philadelphia,76ers,PHI,112,2018-12-05T00:00:00,5,3,Final,20181205/PHITOR,1610612761,1610612755,2018,4,     ,ESPN,Q4       - ESPN,1,1610612761,1610612755,2018-12-05T00:00:00,2,0,Toronto
189,2018-12-05T00:00:00,5,0021800359,1610612761,TOR,Toronto,21-5,23,30,25,35,0,0,0,0,0,0,0,0,0,0,113,0.43,0.864,0.276,25,53,11,0021800100,2018-10-30T00:00:00,1610612761,Toronto,Raptors,TOR,129,1610612755,Philadelphia,76ers,PHI,112,2018-12-05T00:00:00,5,3,Final,20181205/PHITOR,1610612761,1610612755,2018,4,     ,ESPN,Q4       - ESPN,1,1610612761,1610612755,2018-12-05T00:00:00,2,0,Toronto
190,2018-12-05T00:00:00,6,0021800360,1610612746,LAC,LA,16-8,15,27,27,17,0,0,0,0,0,0,0,0,0,0,86,0.338,0.8,0.348,16,47,18,0021800266,2018-11-23T00:00:00,1610612763,Memphis,Grizzlies,MEM,107,1610612746,LA,Clippers,LAC,112,2018-12-05T00:00:00,6,3,Final,20181205/LACMEM,1610612763,1610612746,2018,4,     ,,Q4       - ,1,1610612763,1610612746,2018-12-05T00:00:00,1,1,Tied
191,2018-12-05T00:00:00,6,0021800360,1610612763,MEM,Memphis,14-9,27,24,18,27,0,0,0,0,0,0,0,0,0,0,96,0.435,0.625,0.25,18,49,15,0021800266,2018-11-23T00:00:00,1610612763,Memphis,Grizzlies,MEM,107,1610612746,LA,Clippers,LAC,112,2018-12-05T00:00:00,6,3,Final,20181205/LACMEM,1610612763,1610612746,2018,4,     ,,Q4       - ,1,1610612763,1610612746,2018-12-05T00:00:00,1,1,Tied
192,2018-12-05T00:00:00,7,0021800361,1610612765,DET,Detroit,13-9,21,24,19,28,0,0,0,0,0,0,0,0,0,0,92,0.368,0.684,0.237,19,51,20,0021700913,2018-02-28T00:00:00,1610612749,Milwaukee,Bucks,MIL,87,1610612765,Detroit,Pistons,DET,110,2018-12-05T00:00:00,7,3,Final,20181205/DETMIL,1610612749,1610612765,2018,4,     ,,Q4       - ,1,1610612749,1610612765,2018-12-05T00:00:00,1,0,Milwaukee
193,2018-12-05T00:00:00,7,0021800361,1610612749,MIL,Milwaukee,16-7,30,26,28,31,0,0,0,0,0,0,0,0,0,0,115,0.463,0.833,0.341,25,46,15,0021700913,2018-02-28T00:00:00,1610612749,Milwaukee,Bucks,MIL,87,1610612765,Detroit,Pistons,DET,110,2018-12-05T00:00:00,7,3,Final,20181205/DETMIL,1610612749,1610612765,2018,4,     ,,Q4       - ,1,1610612749,1610612765,2018-12-05T00:00:00,1,0,Milwaukee
194,2018-12-05T00:00:00,8,0021800362,1610612766,CHA,Charlotte,11-13,31,33,22,18,0,0,0,0,0,0,0,0,0,0,104,0.408,0.8,0.364,27,40,10,0021700241,2017-11-20T00:00:00,1610612750,Minnesota,Timberwolves,MIN,102,1610612766,Charlotte,Hornets,CHA,118,2018-12-05T00:00:00,8,3,Final,20181205/CHAMIN,1610612750,1610612766,2018,4,     ,,Q4       - ,1,1610612750,1610612766,2018-12-05T00:00:00,1,0,Minnesota
195,2018-12-05T00:00:00,8,0021800362,1610612750,MIN,Minnesota,13-12,31,31,24,35,0,0,0,0,0,0,0,0,0,0,121,0.539,0.65,0.5,34,50,15,0021700241,2017-11-20T00:00:00,1610612750,Minnesota,Timberwolves,MIN,102,1610612766,Charlotte,Hornets,CHA,118,2018-12-05T00:00:00,8,3,Final,20181205/CHAMIN,1610612750,1610612766,2018,4,     ,,Q4       - ,1,1610612750,1610612766,2018-12-05T00:00:00,1,0,Minnesota
196,2018-12-05T00:00:00,9,0021800363,1610612742,DAL,Dallas,12-11,31,22,27,26,0,0,0,0,0,0,0,0,0,0,106,0.429,0.667,0.304,26,45,18,0021701061,2018-03-20T00:00:00,1610612740,New Orleans,Pelicans,NOP,115,1610612742,Dallas,Mavericks,DAL,105,2018-12-05T00:00:00,9,3,Final,20181205/DALNOP,1610612740,1610612742,2018,4,     ,,Q4       - ,1,1610612740,1610612742,2018-12-05T00:00:00,1,0,New Orleans
197,2018-12-05T00:00:00,9,0021800363,1610612740,NOP,New Orleans,13-13,32,37,28,35,0,0,0,0,0,0,0,0,0,0,132,0.554,0.65,0.586,36,46,11,0021701061,2018-03-20T00:00:00,1610612740,New Orleans,Pelicans,NOP,115,1610612742,Dallas,Mavericks,DAL,105,2018-12-05T00:00:00,9,3,Final,20181205/DALNOP,1610612740,1610612742,2018,4,     ,,Q4       - ,1,1610612740,1610612742,2018-12-05T00:00:00,1,0,New Orleans
198,2018-12-05T00:00:00,10,0021800364,1610612759,SAS,San Antonio,11-14,23,22,37,31,0,0,0,0,0,0,0,0,0,0,113,0.448,1.0,0.259,18,49,10,0021800082,2018-10-27T00:00:00,1610612747,Los Angeles,Lakers,LAL,106,1610612759,San Antonio,Spurs,SAS,110,2018-12-05T00:00:00,10,3,Final,20181205/SASLAL,1610612747,1610612759,2018,4,     ,ESPN,Q4       - ESPN,1,1610612747,1610612759,2018-12-05T00:00:00,1,3,San Antonio
199,2018-12-05T00:00:00,10,0021800364,1610612747,LAL,Los Angeles,15-9,31,19,28,43,0,0,0,0,0,0,0,0,0,0,121,0.477,0.697,0.359,21,42,12,0021800082,2018-10-27T00:00:00,1610612747,Los Angeles,Lakers,LAL,106,1610612759,San Antonio,Spurs,SAS,110,2018-12-05T00:00:00,10,3,Final,20181205/SASLAL,1610612747,1610612759,2018,4,     ,ESPN,Q4       - ESPN,1,1610612747,1610612759,2018-12-05T00:00:00,1,3,San Antonio
200,2018-12-06T00:00:00,1,0021800365,1610612752,NYK,New York,8-18,30,28,26,16,0,0,0,0,0,0,0,0,0,0,100,0.396,0.8,0.343,21,47,16,0021800255,2018-11-21T00:00:00,1610612738,Boston,Celtics,BOS,109,1610612752,New York,Knicks,NYK,117,2018-12-06T00:00:00,1,3,Final,20181206/NYKBOS,1610612738,1610612752,2018,4,     ,TNT,Q4       - TNT,1,1610612738,1610612752,2018-12-06T00:00:00,2,1,Boston
201,2018-12-06T00:00:00,1,0021800365,1610612738,BOS,Boston,14-10,38,31,30,29,0,0,0,0,0,0,0,0,0,0,128,0.533,0.85,0.342,32,46,9,0021800255,2018-11-21T00:00:00,1610612738,Boston,Celtics,BOS,109,1610612752,New York,Knicks,NYK,117,2018-12-06T00:00:00,1,3,Final,20181206/NYKBOS,1610612738,1610612752,2018,4,     ,TNT,Q4       - TNT,1,1610612738,1610612752,2018-12-06T00:00:00,2,1,Boston
202,2018-12-06T00:00:00,2,0021800366,1610612756,PHX,Phoenix,4-21,9,32,18,27,0,0,0,0,0,0,0,0,0,0,86,0.385,0.786,0.185,20,41,16,0011800064,2018-10-10T00:00:00,1610612757,Portland,Trail Blazers,POR,116,1610612756,Phoenix,Suns,PHX,83,2018-12-06T00:00:00,2,3,Final,20181206/PHXPOR,1610612757,1610612756,2018,4,     ,,Q4       - ,1,1610612757,1610612756,2018-12-06T00:00:00,1,0,Portland
203,2018-12-06T00:00:00,2,0021800366,1610612757,POR,Portland,14-11,34,28,25,21,0,0,0,0,0,0,0,0,0,0,108,0.482,0.63,0.333,24,56,17,0011800064,2018-10-10T00:00:00,1610612757,Portland,Trail Blazers,POR,116,1610612756,Phoenix,Suns,PHX,83,2018-12-06T00:00:00,2,3,Final,20181206/PHXPOR,1610612757,1610612756,2018,4,     ,,Q4       - ,1,1610612757,1610612756,2018-12-06T00:00:00,1,0,Portland
204,2018-12-06T00:00:00,3,0021800367,1610612745,HOU,Houston,11-13,18,27,11,35,0,0,0,0,0,0,0,0,0,0,91,0.386,0.882,0.222,13,43,23,0021800057,2018-10-24T00:00:00,1610612762,Utah,Jazz,UTA,100,1610612745,Houston,Rockets,HOU,89,2018-12-06T00:00:00,3,3,Final,20181206/HOUUTA,1610612762,1610612745,2018,4,     ,TNT,Q4       - TNT,1,1610612762,1610612745,2018-12-06T00:00:00,2,0,Utah
205,2018-12-06T00:00:00,3,0021800367,1610612762,UTA,Utah,13-13,27,26,38,27,0,0,0,0,0,0,0,0,0,0,118,0.506,0.741,0.25,26,47,12,0021800057,2018-10-24T00:00:00,1610612762,Utah,Jazz,UTA,100,1610612745,Houston,Rockets,HOU,89,2018-12-06T00:00:00,3,3,Final,20181206/HOUUTA,1610612762,1610612745,2018,4,     ,TNT,Q4       - TNT,1,1610612762,1610612745,2018-12-06T00:00:00,2,0,Utah
206,2018-12-07T00:00:00,1,0021800368,1610612743,DEN,Denver,17-8,25,28,26,28,0,0,0,0,0,0,0,0,0,0,107,0.386,0.808,0.229,24,55,9,0021700794,2018-02-05T00:00:00,1610612766,Charlotte,Hornets,CHA,104,1610612743,Denver,Nuggets,DEN,121,2018-12-07T00:00:00,1,3,Final,20181207/DENCHA,1610612766,1610612743,2018,4,     ,,Q4       - ,1,1610612766,1610612743,2018-12-07T00:00:00,1,0,Charlotte
207,2018-12-07T00:00:00,1,0021800368,1610612766,CHA,Charlotte,12-13,24,40,23,26,0,0,0,0,0,0,0,0,0,0,113,0.384,0.895,0.371,20,48,9,0021700794,2018-02-05T00:00:00,1610612766,Charlotte,Hornets,CHA,104,1610612743,Denver,Nuggets,DEN,121,2018-12-07T00:00:00,1,3,Final,20181207/DENCHA,1610612766,1610612743,2018,4,     ,,Q4       - ,1,1610612766,1610612743,2018-12-07T00:00:00,1,0,Charlotte
208,2018-12-07T00:00:00,2,0021800369,1610612755,PHI,Philadelphia,18-9,28,28,33,28,0,0,0,0,0,0,0,0,0,0,117,0.489,0.952,0.281,26,40,16,0021800125,2018-11-03T00:00:00,1610612765,Detroit,Pistons,DET,99,1610612755,Philadelphia,76ers,PHI,109,2018-12-07T00:00:00,2,3,Final,20181207/PHIDET,1610612765,1610612755,2018,4,     ,ESPN,Q4       - ESPN,1,1610612765,1610612755,2018-12-07T00:00:00,1,2,Philadelphia
209,2018-12-07T00:00:00,2,0021800369,1610612765,DET,Detroit,13-10,27,41,22,21,0,0,0,0,0,0,0,0,0,0,111,0.416,0.811,0.25,22,49,16,0021800125,2018-11-03T00:00:00,1610612765,Detroit,Pistons,DET,99,1610612755,Philadelphia,76ers,PHI,109,2018-12-07T00:00:00,2,3,Final,20181207/PHIDET,1610612765,1610612755,2018,4,     ,ESPN,Q4       - ESPN,1,1610612765,1610612755,2018-12-07T00:00:00,1,2,Philadelphia
210,2018-12-07T00:00:00,3,0021800370,1610612754,IND,Indiana,15-10,28,29,29,26,0,0,0,0,0,0,0,0,0,0,112,0.473,0.833,0.346,26,53,9,0021700725,2018-01-27T00:00:00,1610612753,Orlando,Magic,ORL,112,1610612754,Indiana,Pacers,IND,114,2018-12-07T00:00:00,3,3,Final,20181207/INDORL,1610612753,1610612754,2018,4,     ,,Q4       - ,1,1610612753,1610612754,2018-12-07T00:00:00,0,1,Indiana
211,2018-12-07T00:00:00,3,0021800370,1610612753,ORL,Orlando,12-14,25,20,25,20,0,0,0,0,0,0,0,0,0,0,90,0.404,0.769,0.242,20,47,14,0021700725,2018-01-27T00:00:00,1610612753,Orlando,Magic,ORL,112,1610612754,Indiana,Pacers,IND,114,2018-12-07T00:00:00,3,3,Final,20181207/INDORL,1610612753,1610612754,2018,4,     ,,Q4       - ,1,1610612753,1610612754,2018-12-07T00:00:00,0,1,Indiana
212,2018-12-07T00:00:00,4,0021800371,1610612761,TOR,Toronto,21-6,20,33,26,19,7,0,0,0,0,0,0,0,0,0,105,0.393,0.828,0.314,25,41,15,0011800060,2018-10-10T00:00:00,1610612751,Brooklyn,Nets,BKN,91,1610612761,Toronto,Raptors,TOR,118,2018-12-07T00:00:00,4,3,Final,20181207/TORBKN,1610612751,1610612761,2018,5,     ,,Q5       - ,1,1610612751,1610612761,2018-12-07T00:00:00,1,0,Brooklyn
213,2018-12-07T00:00:00,4,0021800371,1610612751,BKN,Brooklyn,9-18,24,29,27,18,8,0,0,0,0,0,0,0,0,0,106,0.439,0.692,0.314,22,60,20,0011800060,2018-10-10T00:00:00,1610612751,Brooklyn,Nets,BKN,91,1610612761,Toronto,Raptors,TOR,118,2018-12-07T00:00:00,4,3,Final,20181207/TORBKN,1610612751,1610612761,2018,5,     ,,Q5       - ,1,1610612751,1610612761,2018-12-07T00:00:00,1,0,Brooklyn
214,2018-12-07T00:00:00,5,0021800372,1610612758,SAC,Sacramento,13-11,38,28,30,33,0,0,0,0,0,0,0,0,0,0,129,0.571,0.571,0.448,31,35,9,0021700513,2017-12-27T00:00:00,1610612739,Cleveland,Cavaliers,CLE,95,1610612758,Sacramento,Kings,SAC,109,2018-12-07T00:00:00,5,3,Final,20181207/SACCLE,1610612739,1610612758,2018,4,     ,,Q4       - ,1,1610612739,1610612758,2018-12-07T00:00:00,0,1,Sacramento
215,2018-12-07T00:00:00,5,0021800372,1610612739,CLE,Cleveland,5-20,27,39,23,21,0,0,0,0,0,0,0,0,0,0,110,0.531,0.737,0.385,20,35,16,0021700513,2017-12-27T00:00:00,1610612739,Cleveland,Cavaliers,CLE,95,1610612758,Sacramento,Kings,SAC,109,2018-12-07T00:00:00,5,3,Final,20181207/SACCLE,1610612739,1610612758,2018,4,     ,,Q4       - ,1,1610612739,1610612758,2018-12-07T00:00:00,0,1,Sacramento
216,2018-12-07T00:00:00,6,0021800373,1610612760,OKC,Oklahoma City,16-8,28,34,29,21,0,0,0,0,0,0,0,0,0,0,112,0.457,0.667,0.357,25,51,22,0021700212,2017-11-15T00:00:00,1610612741,Chicago,Bulls,CHI,79,1610612760,Oklahoma City,Thunder,OKC,92,2018-12-07T00:00:00,6,3,Final,20181207/OKCCHI,1610612741,1610612760,2018,4,     ,,Q4       - ,1,1610612741,1610612760,2018-12-07T00:00:00,1,0,Chicago
217,2018-12-07T00:00:00,6,0021800373,1610612741,CHI,Chicago,6-20,34,36,17,27,0,0,0,0,0,0,0,0,0,0,114,0.524,0.696,0.48,25,39,20,0021700212,2017-11-15T00:00:00,1610612741,Chicago,Bulls,CHI,79,1610612760,Oklahoma City,Thunder,OKC,92,2018-12-07T00:00:00,6,3,Final,20181207/OKCCHI,1610612741,1610612760,2018,4,     ,,Q4       - ,1,1610612741,1610612760,2018-12-07T00:00:00,1,0,Chicago
218,2018-12-07T00:00:00,7,0021800374,1610612763,MEM,Memphis,15-9,31,27,27,22,0,0,0,0,0,0,0,0,0,0,107,0.47,0.75,0.421,30,42,11,0021701173,2018-04-04T00:00:00,1610612740,New Orleans,Pelicans,NOP,123,1610612763,Memphis,Grizzlies,MEM,95,2018-12-07T00:00:00,7,3,Final,20181207/MEMNOP,1610612740,1610612763,2018,4,     ,,Q4       - ,1,1610612740,1610612763,2018-12-07T00:00:00,0,1,Memphis
219,2018-12-07T00:00:00,7,0021800374,1610612740,NOP,New Orleans,13-14,30,30,24,19,0,0,0,0,0,0,0,0,0,0,103,0.452,0.833,0.241,25,42,18,0021701173,2018-04-04T00:00:00,1610612740,New Orleans,Pelicans,NOP,123,1610612763,Memphis,Grizzlies,MEM,95,2018-12-07T00:00:00,7,3,Final,20181207/MEMNOP,1610612740,1610612763,2018,4,     ,,Q4       - ,1,1610612740,1610612763,2018-12-07T00:00:00,0,1,Memphis
220,2018-12-07T00:00:00,8,0021800375,1610612747,LAL,Los Angeles,15-10,36,36,27,21,0,0,0,0,0,0,0,0,0,0,120,0.46,0.81,0.306,24,43,8,0021800364,2018-12-05T00:00:00,1610612759,San Antonio,Spurs,SAS,113,1610612747,Los Angeles,Lakers,LAL,121,2018-12-07T00:00:00,8,3,Final,20181207/LALSAS,1610612759,1610612747,2018,4,     ,,Q4       - ,1,1610612759,1610612747,2018-12-07T00:00:00,3,1,San Antonio
221,2018-12-07T00:00:00,8,0021800375,1610612759,SAS,San Antonio,12-14,32,36,21,44,0,0,0,0,0,0,0,0,0,0,133,0.505,0.848,0.419,27,48,10,0021800364,2018-12-05T00:00:00,1610612759,San Antonio,Spurs,SAS,113,1610612747,Los Angeles,Lakers,LAL,121,2018-12-07T00:00:00,8,3,Final,20181207/LALSAS,1610612759,1610612747,2018,4,     ,,Q4       - ,1,1610612759,1610612747,2018-12-07T00:00:00,3,1,San Antonio
222,2018-12-07T00:00:00,9,0021800376,1610612748,MIA,Miami,10-14,34,26,29,26,0,0,0,0,0,0,0,0,0,0,115,0.488,0.889,0.405,32,40,12,0021700952,2018-03-05T00:00:00,1610612756,Phoenix,Suns,PHX,103,1610612748,Miami,Heat,MIA,125,2018-12-07T00:00:00,9,3,Final,20181207/MIAPHX,1610612756,1610612748,2018,4,     ,,Q4       - ,1,1610612756,1610612748,2018-12-07T00:00:00,0,1,Miami
223,2018-12-07T00:00:00,9,0021800376,1610612756,PHX,Phoenix,4-22,36,14,23,25,0,0,0,0,0,0,0,0,0,0,98,0.456,0.75,0.412,27,42,20,0021700952,2018-03-05T00:00:00,1610612756,Phoenix,Suns,PHX,103,1610612748,Miami,Heat,MIA,125,2018-12-07T00:00:00,9,3,Final,20181207/MIAPHX,1610612756,1610612748,2018,4,     ,,Q4       - ,1,1610612756,1610612748,2018-12-07T00:00:00,0,1,Miami
224,2018-12-07T00:00:00,10,0021800377,1610612744,GSW,Golden State,18-9,27,30,26,22,0,0,0,0,0,0,0,0,0,0,105,0.449,0.857,0.413,32,43,17,0021800166,2018-11-08T00:00:00,1610612749,Milwaukee,Bucks,MIL,134,1610612744,Golden State,Warriors,GSW,111,2018-12-07T00:00:00,10,3,Final,20181207/GSWMIL,1610612749,1610612744,2018,4,     ,ESPN,Q4       - ESPN,1,1610612749,1610612744,2018-12-07T00:00:00,1,1,Tied
225,2018-12-07T00:00:00,10,0021800377,1610612749,MIL,Milwaukee,16-8,22,29,25,19,0,0,0,0,0,0,0,0,0,0,95,0.391,0.696,0.179,18,54,18,0021800166,2018-11-08T00:00:00,1610612749,Milwaukee,Bucks,MIL,134,1610612744,Golden State,Warriors,GSW,111,2018-12-07T00:00:00,10,3,Final,20181207/GSWMIL,1610612749,1610612744,2018,4,     ,ESPN,Q4       - ESPN,1,1610612749,1610612744,2018-12-07T00:00:00,1,1,Tied
